,num_browser_goals,target_time,browser_intensity,email_hash,total_time,goal_time,other_time
0,6,0.0,0.3333333333333333,2b4560fa696cfd842dc1cbcd24b12d1674b7cf267f4c1920971080ef87dc2311,8.207674424355282,6.169610732491456,8.068089626278244
1,6,0.0,0.6666666666666666,2b4560fa696cfd842dc1cbcd24b12d1674b7cf267f4c1920971080ef87dc2311,5.384495062789089,2.5649493574615367,5.3230099791384085
2,4,0.0,1.0,8b24da789d3a62d3ec752b2f6c9130c8b40e9a1192334a21a38d6fb55ac374ef,8.357024439263416,7.842671474979457,7.44600149832412
3,4,0.0,1.0,8b24da789d3a62d3ec752b2f6c9130c8b40e9a1192334a21a38d6fb55ac374ef,9.078978053779355,6.173786103901937,9.022684613591526
4,8,0.0,0.375,539415565b33813048d7234428a44584980fce57d21ebc622931fc04ff504fbe,8.471568013389962,6.959398512133975,8.222553638396958
5,8,0.0,0.375,539415565b33813048d7234428a44584980fce57d21ebc622931fc04ff504fbe,10.872939832524516,8.241966560231802,10.79820729448214
6,2,0.0,0.0,6524721709b01aca567a3b240d63b529c939fc9b6fb13d3fa1a84de30f7c29d0,10.041421738625441,8.768107539675803,9.713053175631623
7,2,0.0,0.0,6524721709b01aca567a3b240d63b529c939fc9b6fb13d3fa1a84de30f7c29d0,9.590008925040337,7.77779262633883,9.411728991487363
8,2,0.0,0.0,6524721709b01aca567a3b240d63b529c939fc9b6fb13d3fa1a84de30f7c29d0,10.156616999340594,8.693161274238017,9.8933867103567
9,2,0.0,0.0,6524721709b01aca567a3b240d63b529c939fc9b6fb13d3fa1a84de30f7c29d0,10.362714572154392,8.444622498581403,10.203851370643852
10,2,0.0,0.0,6524721709b01aca567a3b240d63b529c939fc9b6fb13d3fa1a84de30f7c29d0,10.043336447652527,8.780787468338929,9.7107519573933
11,2,0.0,0.0,6524721709b01aca567a3b240d63b529c939fc9b6fb13d3fa1a84de30f7c29d0,9.70880997353259,7.796469243086058,9.548953173096507
12,2,0.0,0.0,6524721709b01aca567a3b240d63b529c939fc9b6fb13d3fa1a84de30f7c29d0,8.643649615368796,7.492760300922379,8.263332667439967
13,2,0.0,0.0,6524721709b01aca567a3b240d63b529c939fc9b6fb13d3fa1a84de30f7c29d0,10.438722822031876,8.583916823459145,10.268547246009254
14,2,0.0,0.0,6524721709b01aca567a3b240d63b529c939fc9b6fb13d3fa1a84de30f7c29d0,10.46561447065767,8.391176350832751,10.331366255481193
15,2,0.0,0.0,60f8b28fc59aaccb2741fcc0b1c632e82b2848a7dfd661ef9f5bd27e5690d9a0,10.023978030870751,9.284519770150434,9.375091807576673
16,2,0.0,0.0,60f8b28fc59aaccb2741fcc0b1c632e82b2848a7dfd661ef9f5bd27e5690d9a0,9.54230245311951,8.41847721847708,9.149209371971951
17,2,0.0,0.0,60f8b28fc59aaccb2741fcc0b1c632e82b2848a7dfd661ef9f5bd27e5690d9a0,9.727942980021197,8.25088114470065,9.46877384406884
18,2,0.0,0.0,60f8b28fc59aaccb2741fcc0b1c632e82b2848a7dfd661ef9f5bd27e5690d9a0,10.142465082152865,8.886547412512042,9.807251944655302
19,2,0.0,0.0,60f8b28fc59aaccb2741fcc0b1c632e82b2848a7dfd661ef9f5bd27e5690d9a0,10.190356794730883,8.604837701268284,9.96114306502429
20,2,0.0,0.0,60f8b28fc59aaccb2741fcc0b1c632e82b2848a7dfd661ef9f5bd27e5690d9a0,9.165761328578215,7.841885928984623,8.856376036730422
21,2,0.0,0.0,60f8b28fc59aaccb2741fcc0b1c632e82b2848a7dfd661ef9f5bd27e5690d9a0,8.223627175805483,7.450079569807499,7.60489448081162
22,2,0.0,0.5,60f8b28fc59aaccb2741fcc0b1c632e82b2848a7dfd661ef9f5bd27e5690d9a0,9.942900554892963,8.43076346341785,9.693877015504503
23,2,0.0,0.5,60f8b28fc59aaccb2741fcc0b1c632e82b2848a7dfd661ef9f5bd27e5690d9a0,10.031616880246656,8.279697133877628,9.841133310789152
24,2,0.0,0.5,60f8b28fc59aaccb2741fcc0b1c632e82b2848a7dfd661ef9f5bd27e5690d9a0,10.19241884438834,8.71948076085107,9.932026417342549
25,2,0.0,0.5,60f8b28fc59aaccb2741fcc0b1c632e82b2848a7dfd661ef9f5bd27e5690d9a0,9.998024706360116,8.216358332386156,9.813672248213765
26,2,0.0,0.5,60f8b28fc59aaccb2741fcc0b1c632e82b2848a7dfd661ef9f5bd27e5690d9a0,10.812129103878668,9.128479345495862,10.606708818667547
27,2,0.0,0.5,60f8b28fc59aaccb2741fcc0b1c632e82b2848a7dfd661ef9f5bd27e5690d9a0,11.182280218419526,9.471781133222736,10.982883042277106
28,2,0.0,0.5,60f8b28fc59aaccb2741fcc0b1c632e82b2848a7dfd661ef9f5bd27e5690d9a0,10.766187616237207,8.906528917594517,10.596909695290504
29,2,0.0,0.5,60f8b28fc59aaccb2741fcc0b1c632e82b2848a7dfd661ef9f5bd27e5690d9a0,11.0497941670669,8.50532301884575,10.968025860870487
30,2,0.0,0.5,60f8b28fc59aaccb2741fcc0b1c632e82b2848a7dfd661ef9f5bd27e5690d9a0,10.644615045614641,8.518991573357617,10.517510353630083
31,4,0.0,1.0,b5843eadda18a08ec20d16d92370cc304849efac4f201d820399339f6683a64c,11.376567223427713,8.572249397164315,11.314108605647077
32,4,0.0,1.0,b5843eadda18a08ec20d16d92370cc304849efac4f201d820399339f6683a64c,11.263861359954456,8.264105763728956,11.212779371658742
33,4,0.0,1.0,b5843eadda18a08ec20d16d92370cc304849efac4f201d820399339f6683a64c,11.327306477622743,7.641084249174914,11.301920442715682
34,4,0.0,1.0,b5843eadda18a08ec20d16d92370cc304849efac4f201d820399339f6683a64c,11.26721672399587,8.254528881939745,11.216807913697346
35,4,0.0,1.0,b5843eadda18a08ec20d16d92370cc304849efac4f201d820399339f6683a64c,11.290219317980798,7.661997558901893,11.263296757919722
36,4,0.0,1.0,b5843eadda18a08ec20d16d92370cc304849efac4f201d820399339f6683a64c,11.334324976406691,8.147288258706624,11.292154097801074
37,4,0.0,1.0,b5843eadda18a08ec20d16d92370cc304849efac4f201d820399339f6683a64c,11.08047962853029,8.883501584323207,10.96266577195883
38,4,0.0,0.5,b5843eadda18a08ec20d16d92370cc304849efac4f201d820399339f6683a64c,10.94187201565375,8.323608442343572,10.866146470337812
39,4,0.0,0.5,b5843eadda18a08ec20d16d92370cc304849efac4f201d820399339f6683a64c,11.107285341547778,7.6004023345004,11.076836187318255
40,4,0.0,0.5,b5843eadda18a08ec20d16d92370cc304849efac4f201d820399339f6683a64c,11.338381583492081,8.021256180143997,11.301451063522796
41,4,0.0,0.5,b5843eadda18a08ec20d16d92370cc304849efac4f201d820399339f6683a64c,11.311359924809512,8.260234291607297,11.26289877862223
42,4,0.0,0.5,b5843eadda18a08ec20d16d92370cc304849efac4f201d820399339f6683a64c,11.338131504596841,7.898411092811599,11.305532223747251
43,4,0.0,0.5,b5843eadda18a08ec20d16d92370cc304849efac4f201d820399339f6683a64c,11.373421989189701,8.056743774975313,11.336474641648001
44,4,0.0,0.5,b5843eadda18a08ec20d16d92370cc304849efac4f201d820399339f6683a64c,11.350947565559865,7.698936199813447,11.324666315509521
45,4,0.0,0.0,b5843eadda18a08ec20d16d92370cc304849efac4f201d820399339f6683a64c,11.364170203659878,8.457018468380168,11.307990133304687
46,4,0.0,0.0,b5843eadda18a08ec20d16d92370cc304849efac4f201d820399339f6683a64c,11.339642932826944,7.956827122090111,11.305101467763851
47,3,0.0,0.3333333333333333,b1f987e748865b62770b324af13a2bd459841857d33764cb049402174051f486,7.075808863978387,6.704414354964107,5.905361848054571
48,3,0.0,0.3333333333333333,b1f987e748865b62770b324af13a2bd459841857d33764cb049402174051f486,9.84659969032908,9.3615151997733,8.89041055197428
49,3,0.0,0.3333333333333333,b1f987e748865b62770b324af13a2bd459841857d33764cb049402174051f486,10.565814635756187,10.23631028065218,9.295416544331301
50,3,0.0,0.3333333333333333,b1f987e748865b62770b324af13a2bd459841857d33764cb049402174051f486,9.62172128051365,9.034676602846295,8.809862805379057
51,3,0.0,0.3333333333333333,b1f987e748865b62770b324af13a2bd459841857d33764cb049402174051f486,9.63756697186586,8.77971129020447,9.085797036901582
52,2,0.0,0.5,b1f987e748865b62770b324af13a2bd459841857d33764cb049402174051f486,10.078364802440847,9.199885914072324,9.541512875502493
53,2,0.0,0.5,b1f987e748865b62770b324af13a2bd459841857d33764cb049402174051f486,9.054855469135788,8.09132127353041,8.574329382787047
54,2,0.0,0.5,b1f987e748865b62770b324af13a2bd459841857d33764cb049402174051f486,10.302162996284876,10.13479766651673,8.432070937999402
55,2,0.0,0.5,b1f987e748865b62770b324af13a2bd459841857d33764cb049402174051f486,8.537583881063972,7.676473646389156,7.988203597022576
56,2,0.0,0.5,b1f987e748865b62770b324af13a2bd459841857d33764cb049402174051f486,10.089635114163611,9.621323560768252,9.10597935665144
57,2,0.0,0.5,b1f987e748865b62770b324af13a2bd459841857d33764cb049402174051f486,9.8022297204619,9.42197798310419,8.651199471263972
58,2,0.0,0.5,b1f987e748865b62770b324af13a2bd459841857d33764cb049402174051f486,9.946355452763305,9.631678829240638,8.636929873018572
59,1,0.0,1.0,b1f987e748865b62770b324af13a2bd459841857d33764cb049402174051f486,9.862821795810113,9.544739031650487,8.562548893137034
60,1,0.0,1.0,b1f987e748865b62770b324af13a2bd459841857d33764cb049402174051f486,10.807300762899171,10.038542783528992,10.184447079227082
61,1,0.0,1.0,b1f987e748865b62770b324af13a2bd459841857d33764cb049402174051f486,10.204221576482523,9.642317574624458,9.359966545931995
62,1,0.0,1.0,b1f987e748865b62770b324af13a2bd459841857d33764cb049402174051f486,10.485703172388792,9.946977983610656,9.609854474590907
63,1,0.0,1.0,b1f987e748865b62770b324af13a2bd459841857d33764cb049402174051f486,10.501664495504846,10.160143246382786,9.261413642160184
64,1,0.0,1.0,b1f987e748865b62770b324af13a2bd459841857d33764cb049402174051f486,10.709159523937918,9.62812922977318,10.294786120726714
65,1,0.0,1.0,b1f987e748865b62770b324af13a2bd459841857d33764cb049402174051f486,10.685126264117057,10.07601126684997,9.900232259815455
66,2,0.0,1.0,b1f987e748865b62770b324af13a2bd459841857d33764cb049402174051f486,10.985157120473925,10.110176465778377,10.44581184336149
67,2,0.0,1.0,b1f987e748865b62770b324af13a2bd459841857d33764cb049402174051f486,10.676969705748347,9.985528262872338,9.982113872991318
68,3,0.0,1.0,06a2c3297825143fa91bf833964ec6119bccb3ccf7a049e19e51745450b40ef5,8.9001399880938,8.458292083496076,7.870547844507712
69,3,0.0,1.0,06a2c3297825143fa91bf833964ec6119bccb3ccf7a049e19e51745450b40ef5,8.277411998949004,6.630683385642372,8.063377822367027
70,3,0.0,1.0,06a2c3297825143fa91bf833964ec6119bccb3ccf7a049e19e51745450b40ef5,9.29081375612606,8.836373930927389,8.28349412616251
71,3,0.0,1.0,06a2c3297825143fa91bf833964ec6119bccb3ccf7a049e19e51745450b40ef5,9.017968479328726,8.585785982881848,7.970740390007095
72,3,0.0,1.0,06a2c3297825143fa91bf833964ec6119bccb3ccf7a049e19e51745450b40ef5,9.863186255762603,9.325274910068282,8.98619632032839
73,3,0.0,1.0,06a2c3297825143fa91bf833964ec6119bccb3ccf7a049e19e51745450b40ef5,9.729848196125007,9.359105145241294,8.557951183888406
74,3,0.0,0.6666666666666666,06a2c3297825143fa91bf833964ec6119bccb3ccf7a049e19e51745450b40ef5,9.82822506803558,9.177920480720072,9.090317329376452
75,3,0.0,0.6666666666666666,06a2c3297825143fa91bf833964ec6119bccb3ccf7a049e19e51745450b40ef5,9.269080866998783,8.74528448245438,8.371936178759098
76,3,0.0,0.6666666666666666,06a2c3297825143fa91bf833964ec6119bccb3ccf7a049e19e51745450b40ef5,10.598258414212172,7.812782818577581,10.534573141833395
77,3,0.0,0.6666666666666666,06a2c3297825143fa91bf833964ec6119bccb3ccf7a049e19e51745450b40ef5,9.215526898663482,8.372398606513004,8.65277248565806
78,3,0.0,0.6666666666666666,06a2c3297825143fa91bf833964ec6119bccb3ccf7a049e19e51745450b40ef5,10.664223285655282,7.950854857719988,10.595609207424333
79,3,0.0,0.6666666666666666,06a2c3297825143fa91bf833964ec6119bccb3ccf7a049e19e51745450b40ef5,10.578776214794761,8.307212626628308,10.469908702802991
80,3,0.0,0.6666666666666666,06a2c3297825143fa91bf833964ec6119bccb3ccf7a049e19e51745450b40ef5,10.848734963664587,9.176576741823373,10.640675541671662
81,2,0.0,0.5,06a2c3297825143fa91bf833964ec6119bccb3ccf7a049e19e51745450b40ef5,10.879310545111617,8.799963219506997,10.745765692323122
82,2,0.0,0.5,06a2c3297825143fa91bf833964ec6119bccb3ccf7a049e19e51745450b40ef5,10.790390667515691,8.632484235750972,10.667582359470872
83,2,0.0,0.5,b9db21b05b4b1ba9fcabba57072efd76ba0505ddbe1d4e0685175edb3f9be9b4,9.520688614926875,9.144414221860016,8.361007108226909
84,2,0.0,0.5,b9db21b05b4b1ba9fcabba57072efd76ba0505ddbe1d4e0685175edb3f9be9b4,8.672828482947686,7.158513997329321,8.424419791263883
85,2,0.0,0.5,b9db21b05b4b1ba9fcabba57072efd76ba0505ddbe1d4e0685175edb3f9be9b4,9.949034367492098,9.201299627324033,9.307648554443182
86,2,0.0,0.5,b9db21b05b4b1ba9fcabba57072efd76ba0505ddbe1d4e0685175edb3f9be9b4,9.470625553571013,8.109525659752872,9.174402265170553
87,2,0.0,0.5,b9db21b05b4b1ba9fcabba57072efd76ba0505ddbe1d4e0685175edb3f9be9b4,9.120087382998621,6.727431724850855,9.024251728612985
88,2,0.0,0.5,b9db21b05b4b1ba9fcabba57072efd76ba0505ddbe1d4e0685175edb3f9be9b4,9.68234200388459,8.982435503560263,8.995908761263994
89,2,0.0,1.0,b9db21b05b4b1ba9fcabba57072efd76ba0505ddbe1d4e0685175edb3f9be9b4,10.409883379222734,9.306286713023391,10.00690117422521
90,2,0.0,1.0,b9db21b05b4b1ba9fcabba57072efd76ba0505ddbe1d4e0685175edb3f9be9b4,9.991177865663117,9.115699967822062,9.452187908084165
91,2,0.0,1.0,b9db21b05b4b1ba9fcabba57072efd76ba0505ddbe1d4e0685175edb3f9be9b4,9.273127360074948,7.83002808253384,9.003685138166775
92,2,0.0,1.0,b9db21b05b4b1ba9fcabba57072efd76ba0505ddbe1d4e0685175edb3f9be9b4,9.32607687045878,7.768533300926033,9.089527751759436
93,2,0.0,1.0,b9db21b05b4b1ba9fcabba57072efd76ba0505ddbe1d4e0685175edb3f9be9b4,10.78975197290331,8.951958168569265,10.61638833958291
94,2,0.0,1.0,b9db21b05b4b1ba9fcabba57072efd76ba0505ddbe1d4e0685175edb3f9be9b4,10.476104176458326,8.883224230278994,10.248777937608223
95,2,0.0,1.0,b9db21b05b4b1ba9fcabba57072efd76ba0505ddbe1d4e0685175edb3f9be9b4,10.905001396740687,9.655923226680237,10.567051430554399
96,2,0.0,0.5,b9db21b05b4b1ba9fcabba57072efd76ba0505ddbe1d4e0685175edb3f9be9b4,10.29981100272701,8.74257423767064,10.06317999126972
97,2,0.0,0.5,b9db21b05b4b1ba9fcabba57072efd76ba0505ddbe1d4e0685175edb3f9be9b4,9.958165113826825,8.715388097366482,9.61767040669386
98,3,0.0,0.3333333333333333,7fafeff7e62af3e9607523e488760d70832acb568edea516b03178f0b0a5a310,8.207946941048617,7.311886164077165,7.683403681053826
99,3,0.0,0.3333333333333333,7fafeff7e62af3e9607523e488760d70832acb568edea516b03178f0b0a5a310,10.51341615434514,10.175992533388062,9.26302769425519
100,3,0.0,0.3333333333333333,7fafeff7e62af3e9607523e488760d70832acb568edea516b03178f0b0a5a310,10.213102334987457,9.445254378889308,9.589461504744746
101,3,0.0,0.3333333333333333,7fafeff7e62af3e9607523e488760d70832acb568edea516b03178f0b0a5a310,10.98022907678602,10.555708566483428,9.918671687861169
102,3,0.0,0.3333333333333333,7fafeff7e62af3e9607523e488760d70832acb568edea516b03178f0b0a5a310,10.083932349317223,9.253112463820052,9.511777409660299
103,3,0.0,0.3333333333333333,7fafeff7e62af3e9607523e488760d70832acb568edea516b03178f0b0a5a310,10.150894355986017,9.27771860730613,9.61025678115393
104,3,0.0,0.3333333333333333,7fafeff7e62af3e9607523e488760d70832acb568edea516b03178f0b0a5a310,9.993145424466663,8.676587243566487,9.681093720112464
105,3,0.0,0.3333333333333333,7fafeff7e62af3e9607523e488760d70832acb568edea516b03178f0b0a5a310,10.304777289233812,8.945202263959297,10.008027731810053
106,3,10.226259220659761,0.3333333333333333,7fafeff7e62af3e9607523e488760d70832acb568edea516b03178f0b0a5a310,10.822813672953805,4.859812404361672,10.016994793329722
107,3,9.362030885216615,0.3333333333333333,7fafeff7e62af3e9607523e488760d70832acb568edea516b03178f0b0a5a310,10.706542394797626,6.38856140554563,10.386345707218064
108,3,9.37305428246393,0.3333333333333333,7fafeff7e62af3e9607523e488760d70832acb568edea516b03178f0b0a5a310,10.94697465307693,6.5722825426940075,10.698739956033227
109,3,9.778377741493284,0.3333333333333333,7fafeff7e62af3e9607523e488760d70832acb568edea516b03178f0b0a5a310,10.252311759930146,5.493061443340548,9.25502688959859
110,3,0.0,1.0,7fafeff7e62af3e9607523e488760d70832acb568edea516b03178f0b0a5a310,10.478104543389605,7.149916836132109,10.441587818437
111,3,7.861341795599989,1.0,7fafeff7e62af3e9607523e488760d70832acb568edea516b03178f0b0a5a310,10.290856576374884,6.621405651764134,10.170303432306524
112,3,0.0,0.3333333333333333,fef3d10729f7d2a14acac218a13b26241c02a538445c51cc7a38b422ee040208,7.811163385025279,5.393627546352362,7.717796211013582
113,3,0.0,0.3333333333333333,fef3d10729f7d2a14acac218a13b26241c02a538445c51cc7a38b422ee040208,7.7142311448490855,7.338888133838879,6.55250788703459
114,3,0.0,0.3333333333333333,fef3d10729f7d2a14acac218a13b26241c02a538445c51cc7a38b422ee040208,8.850230965588816,7.756623334538858,8.442254104751743
115,3,0.0,0.3333333333333333,fef3d10729f7d2a14acac218a13b26241c02a538445c51cc7a38b422ee040208,9.52617248784431,8.392083380373393,9.137984709784043
116,3,0.0,0.3333333333333333,fef3d10729f7d2a14acac218a13b26241c02a538445c51cc7a38b422ee040208,8.601166625192416,7.107425474110705,8.34687925374656
117,3,0.0,0.0,fef3d10729f7d2a14acac218a13b26241c02a538445c51cc7a38b422ee040208,8.900957872545062,6.62273632394984,8.792853288640693
118,3,0.0,0.0,fef3d10729f7d2a14acac218a13b26241c02a538445c51cc7a38b422ee040208,7.8898337513942955,5.8888779583328805,7.744569809354496
119,3,0.0,0.0,fef3d10729f7d2a14acac218a13b26241c02a538445c51cc7a38b422ee040208,9.00601857490256,7.430114138561801,8.774312958285378
120,3,0.0,0.0,fef3d10729f7d2a14acac218a13b26241c02a538445c51cc7a38b422ee040208,8.32845106681936,6.807934943699926,8.081784206935001
121,3,0.0,0.0,fef3d10729f7d2a14acac218a13b26241c02a538445c51cc7a38b422ee040208,9.064157861798101,7.437206366871292,8.845345196421732
122,3,0.0,0.0,fef3d10729f7d2a14acac218a13b26241c02a538445c51cc7a38b422ee040208,8.423980809694058,5.857933154483459,8.344029572407049
123,3,0.0,0.3333333333333333,fef3d10729f7d2a14acac218a13b26241c02a538445c51cc7a38b422ee040208,7.81237820598861,6.849066282633458,7.331714969726466
124,3,0.0,0.3333333333333333,fef3d10729f7d2a14acac218a13b26241c02a538445c51cc7a38b422ee040208,8.616676469901188,7.958227192322312,7.88758403166028
125,3,0.0,0.3333333333333333,fef3d10729f7d2a14acac218a13b26241c02a538445c51cc7a38b422ee040208,8.550047528287184,7.05617528410041,8.295798110636145
126,3,0.0,0.3333333333333333,fef3d10729f7d2a14acac218a13b26241c02a538445c51cc7a38b422ee040208,8.889032571874742,7.7458682297922685,8.505120610181969
127,3,0.0,0.3333333333333333,fef3d10729f7d2a14acac218a13b26241c02a538445c51cc7a38b422ee040208,9.830217690608354,7.425357887027151,9.735601303538429
128,3,0.0,0.3333333333333333,fef3d10729f7d2a14acac218a13b26241c02a538445c51cc7a38b422ee040208,10.737504756974277,10.402685840061139,9.480596490604585
129,3,0.0,0.3333333333333333,fef3d10729f7d2a14acac218a13b26241c02a538445c51cc7a38b422ee040208,10.413312675968536,8.003363058629947,10.319199977095842
130,3,0.0,1.0,fef3d10729f7d2a14acac218a13b26241c02a538445c51cc7a38b422ee040208,10.061559107106623,9.260748274520028,9.465602553171852
131,3,0.0,1.0,fef3d10729f7d2a14acac218a13b26241c02a538445c51cc7a38b422ee040208,10.919840790366809,8.766705997750515,10.796407298087043
132,3,0.0,0.3333333333333333,3634e025d10a81075ab191c56c166936de8e36d653fc596d7657ad81122004e9,8.097730573664219,7.171656822768514,7.59337419312129
133,3,0.0,0.3333333333333333,3634e025d10a81075ab191c56c166936de8e36d653fc596d7657ad81122004e9,9.423110302862831,8.051659556841953,9.13043098874788
134,3,0.0,0.3333333333333333,3634e025d10a81075ab191c56c166936de8e36d653fc596d7657ad81122004e9,8.678631537293768,8.229244416735913,7.6624678152002375
135,3,0.0,0.3333333333333333,3634e025d10a81075ab191c56c166936de8e36d653fc596d7657ad81122004e9,8.872627365918836,7.611842399580417,8.53934599605737
136,3,0.0,0.3333333333333333,3634e025d10a81075ab191c56c166936de8e36d653fc596d7657ad81122004e9,9.968479096043568,7.76004068088038,9.852088989450127
137,3,0.0,0.3333333333333333,3634e025d10a81075ab191c56c166936de8e36d653fc596d7657ad81122004e9,8.949494953477961,6.363028103540465,8.871224644409553
138,2,0.0,0.5,a231a65e4ebb669dd24ea5cbfe959b570a8cef7332077a40ab0e793039870475,9.189831495344642,7.818430272070656,8.897135342293316
139,2,0.0,0.5,a231a65e4ebb669dd24ea5cbfe959b570a8cef7332077a40ab0e793039870475,8.70334075304372,6.655440350367647,8.56522116042682
140,2,0.0,0.5,a231a65e4ebb669dd24ea5cbfe959b570a8cef7332077a40ab0e793039870475,8.571491964823617,7.89655270164304,7.85979918056211
141,1,0.0,0.0,b10aafb657b901a90b938f894b47b94dfc36bf93048c5a7a263b1964eac571ae,11.05606705747418,6.952728644624869,11.039411682337978
142,1,0.0,0.0,b10aafb657b901a90b938f894b47b94dfc36bf93048c5a7a263b1964eac571ae,10.641177795846746,7.8709295967551425,10.57648304488522
143,1,0.0,0.0,b10aafb657b901a90b938f894b47b94dfc36bf93048c5a7a263b1964eac571ae,10.789484011776683,8.631592731724734,10.666673723876048
144,1,0.0,0.0,b10aafb657b901a90b938f894b47b94dfc36bf93048c5a7a263b1964eac571ae,10.915252087191275,8.95660873889395,10.763207932921889
145,1,0.0,0.0,b10aafb657b901a90b938f894b47b94dfc36bf93048c5a7a263b1964eac571ae,11.23746177645632,8.384347278082808,11.178067924026017
146,1,0.0,0.0,b10aafb657b901a90b938f894b47b94dfc36bf93048c5a7a263b1964eac571ae,10.863316586424766,8.177515823846075,10.792715364860594
147,1,0.0,0.0,b10aafb657b901a90b938f894b47b94dfc36bf93048c5a7a263b1964eac571ae,10.987848775434378,6.171700597410915,10.979717890311107
148,1,0.0,1.0,b10aafb657b901a90b938f894b47b94dfc36bf93048c5a7a263b1964eac571ae,10.935746340654216,7.655390644826152,10.897405770089572
149,1,0.0,1.0,b10aafb657b901a90b938f894b47b94dfc36bf93048c5a7a263b1964eac571ae,11.03606639076751,8.000349495324684,10.986833907533804
150,1,0.0,1.0,b10aafb657b901a90b938f894b47b94dfc36bf93048c5a7a263b1964eac571ae,9.614337736809313,6.728628613084702,9.556904372164187
151,1,3.912023005428146,1.0,b10aafb657b901a90b938f894b47b94dfc36bf93048c5a7a263b1964eac571ae,9.502860721068213,5.488937726156687,9.480825419599443
152,1,2.3978952727983707,1.0,b10aafb657b901a90b938f894b47b94dfc36bf93048c5a7a263b1964eac571ae,9.79434210527533,5.961005339623274,9.771840098470129
153,1,0.0,1.0,b10aafb657b901a90b938f894b47b94dfc36bf93048c5a7a263b1964eac571ae,9.562334377396374,4.564348191467836,9.555559953069064
154,1,0.0,1.0,b10aafb657b901a90b938f894b47b94dfc36bf93048c5a7a263b1964eac571ae,10.211670537837739,4.990432586778736,10.20625526240595
155,1,0.0,0.0,b10aafb657b901a90b938f894b47b94dfc36bf93048c5a7a263b1964eac571ae,9.847128818866743,5.351858133476067,9.835904401212332
156,1,2.5649493574615367,0.0,b10aafb657b901a90b938f894b47b94dfc36bf93048c5a7a263b1964eac571ae,9.62264867856634,6.322565239927284,9.58417720462617
157,8,0.0,0.5,df51b7d092c57dd2ef29336030ecd996f74f7e86c94b53c5bce86c318154d229,9.220191688026556,7.842671474979457,8.929567707825337
158,8,0.0,0.5,df51b7d092c57dd2ef29336030ecd996f74f7e86c94b53c5bce86c318154d229,8.666991556504632,8.287780027088433,7.513709247839705
159,8,0.0,0.5,df51b7d092c57dd2ef29336030ecd996f74f7e86c94b53c5bce86c318154d229,9.236787541991031,7.849323818040561,8.949494953477961
160,8,0.0,0.5,df51b7d092c57dd2ef29336030ecd996f74f7e86c94b53c5bce86c318154d229,8.933400396056303,7.98514393119862,8.443331342817782
161,8,0.0,0.5,df51b7d092c57dd2ef29336030ecd996f74f7e86c94b53c5bce86c318154d229,8.88599431515281,7.017506142941256,8.71833650245078
162,8,0.0,0.5,df51b7d092c57dd2ef29336030ecd996f74f7e86c94b53c5bce86c318154d229,9.096835671179361,6.903747257584598,8.97853441008332
163,8,0.0,0.5,df51b7d092c57dd2ef29336030ecd996f74f7e86c94b53c5bce86c318154d229,10.130463749870515,5.407171771460119,10.121538156784329
164,8,0.0,0.5,df51b7d092c57dd2ef29336030ecd996f74f7e86c94b53c5bce86c318154d229,8.647168267837984,6.293419278846481,8.547334348328224
165,8,0.0,0.5,df51b7d092c57dd2ef29336030ecd996f74f7e86c94b53c5bce86c318154d229,8.726805608446096,7.2813856635702825,8.45807992692373
166,8,0.0,0.5,df51b7d092c57dd2ef29336030ecd996f74f7e86c94b53c5bce86c318154d229,9.121836973384779,6.274762021241939,9.06207235530708
167,8,0.0,0.5,df51b7d092c57dd2ef29336030ecd996f74f7e86c94b53c5bce86c318154d229,9.45930760329985,6.71174039505618,9.393078508655353
168,8,0.0,0.5,df51b7d092c57dd2ef29336030ecd996f74f7e86c94b53c5bce86c318154d229,9.122164681072457,7.583247524303362,8.880585523102495
169,8,0.0,0.5,df51b7d092c57dd2ef29336030ecd996f74f7e86c94b53c5bce86c318154d229,8.622633703874234,5.817111159963204,8.560252680876685
170,8,0.0,0.5,df51b7d092c57dd2ef29336030ecd996f74f7e86c94b53c5bce86c318154d229,7.808729306744399,6.218600119691729,7.580699752224563
171,8,0.0,0.875,df51b7d092c57dd2ef29336030ecd996f74f7e86c94b53c5bce86c318154d229,9.311813340906816,6.811244378601294,9.226213721132472
172,8,0.0,0.875,df51b7d092c57dd2ef29336030ecd996f74f7e86c94b53c5bce86c318154d229,8.992184362173012,6.946013991099227,8.853808274977197
173,3,0.0,0.6666666666666666,79af72f3aaf5edf25f4b2b9a582e0ed730fe2169dfe92c7559f7f9186bc3119e,9.232101863757695,7.427144133408616,9.052399183907607
174,3,0.0,0.6666666666666666,79af72f3aaf5edf25f4b2b9a582e0ed730fe2169dfe92c7559f7f9186bc3119e,10.059080049588058,7.81156848934518,9.947408739594056
175,3,0.0,0.6666666666666666,79af72f3aaf5edf25f4b2b9a582e0ed730fe2169dfe92c7559f7f9186bc3119e,9.19207456316929,4.5217885770490405,9.18266080286944
176,3,0.0,0.6666666666666666,79af72f3aaf5edf25f4b2b9a582e0ed730fe2169dfe92c7559f7f9186bc3119e,9.945492846681159,8.230843564198235,9.74700916569969
177,3,0.0,0.6666666666666666,79af72f3aaf5edf25f4b2b9a582e0ed730fe2169dfe92c7559f7f9186bc3119e,9.676900579444158,8.323365694436081,9.378055776380775
178,3,0.0,0.6666666666666666,79af72f3aaf5edf25f4b2b9a582e0ed730fe2169dfe92c7559f7f9186bc3119e,10.144824594042303,8.498825534058053,9.930616219924381
179,3,0.0,0.6666666666666666,79af72f3aaf5edf25f4b2b9a582e0ed730fe2169dfe92c7559f7f9186bc3119e,9.882366055914016,7.756195343948118,9.75533551151227
180,3,0.0,0.6666666666666666,79af72f3aaf5edf25f4b2b9a582e0ed730fe2169dfe92c7559f7f9186bc3119e,9.771840098470129,8.593413217327646,9.404013917106361
181,4,0.0,0.5,7480455dfed0089bd35d83c18ea62825133867f4557965f7a72fbc1b3419ffd4,9.790150867197125,8.272059622210412,9.542804587199857
182,4,0.0,0.5,7480455dfed0089bd35d83c18ea62825133867f4557965f7a72fbc1b3419ffd4,9.90193635004339,8.572249397164315,9.594649938011555
183,4,0.0,0.5,7480455dfed0089bd35d83c18ea62825133867f4557965f7a72fbc1b3419ffd4,10.241244677620216,8.404919948933452,10.067602707388096
184,4,0.0,0.5,7480455dfed0089bd35d83c18ea62825133867f4557965f7a72fbc1b3419ffd4,9.539068413863964,8.708639655987193,8.966611387052865
185,4,0.0,0.5,7480455dfed0089bd35d83c18ea62825133867f4557965f7a72fbc1b3419ffd4,10.010771217755803,9.687567846311238,8.724044745953469
186,4,0.0,0.25,7480455dfed0089bd35d83c18ea62825133867f4557965f7a72fbc1b3419ffd4,8.182279739259018,7.1204443723924875,7.757906208351747
187,4,0.0,0.25,7480455dfed0089bd35d83c18ea62825133867f4557965f7a72fbc1b3419ffd4,9.816403445629014,9.429234909000977,8.680162019694377
188,3,0.0,0.3333333333333333,dca7176c2160640b98afdf855ad996744f5068d038e29ffbae20e8121cca915e,7.583756300707112,6.763884908562435,7.003065458786462
189,3,0.0,0.3333333333333333,dca7176c2160640b98afdf855ad996744f5068d038e29ffbae20e8121cca915e,7.895063498091573,7.706612913964197,6.133398042996649
190,3,0.0,0.3333333333333333,dca7176c2160640b98afdf855ad996744f5068d038e29ffbae20e8121cca915e,9.11943049661634,8.14002395246292,8.648572269472618
191,3,0.0,0.3333333333333333,dca7176c2160640b98afdf855ad996744f5068d038e29ffbae20e8121cca915e,10.074368919187528,9.24763615671988,9.499046919474152
192,3,0.0,0.3333333333333333,dca7176c2160640b98afdf855ad996744f5068d038e29ffbae20e8121cca915e,9.036463061964891,8.07153089355666,8.556798446008598
193,3,0.0,0.3333333333333333,dca7176c2160640b98afdf855ad996744f5068d038e29ffbae20e8121cca915e,10.135194334510826,9.41336284529417,9.469931564261438
194,3,0.0,0.6666666666666666,dca7176c2160640b98afdf855ad996744f5068d038e29ffbae20e8121cca915e,10.068535780659627,9.487669032348473,9.248887781588422
195,3,0.0,0.6666666666666666,dca7176c2160640b98afdf855ad996744f5068d038e29ffbae20e8121cca915e,9.884559542650608,8.81818627792769,9.462576597493666
196,3,0.0,0.6666666666666666,dca7176c2160640b98afdf855ad996744f5068d038e29ffbae20e8121cca915e,10.02300242103727,9.162514742493578,9.473166068429098
197,3,0.0,0.6666666666666666,dca7176c2160640b98afdf855ad996744f5068d038e29ffbae20e8121cca915e,9.722445177240553,8.913819350857198,9.132811169466946
198,3,0.0,0.6666666666666666,dca7176c2160640b98afdf855ad996744f5068d038e29ffbae20e8121cca915e,10.7295909603447,10.453370414555645,9.308102089758679
199,3,2.772588722239781,0.6666666666666666,dca7176c2160640b98afdf855ad996744f5068d038e29ffbae20e8121cca915e,10.159446732791961,8.95686647085414,9.801288700215881
200,3,4.1588830833596715,0.6666666666666666,dca7176c2160640b98afdf855ad996744f5068d038e29ffbae20e8121cca915e,10.386160584882527,9.2850767180902,9.978966013712034
201,3,5.493061443340548,0.6666666666666666,dca7176c2160640b98afdf855ad996744f5068d038e29ffbae20e8121cca915e,10.498966775917914,9.517383797906584,10.018644921923576
202,3,0.0,0.6666666666666666,dca7176c2160640b98afdf855ad996744f5068d038e29ffbae20e8121cca915e,10.507475596776255,9.520688614926875,10.041029641554612
203,8,0.0,0.75,a831d0dd487eee54f5dd90d8b05a06aa46b487cbc91aa72b3fed08a99d94abc5,10.503833902240531,10.433262498460529,7.81762544305337
204,8,0.0,0.75,a831d0dd487eee54f5dd90d8b05a06aa46b487cbc91aa72b3fed08a99d94abc5,10.501609512686963,10.00011504611972,9.571156728415465
205,8,0.0,0.75,a831d0dd487eee54f5dd90d8b05a06aa46b487cbc91aa72b3fed08a99d94abc5,10.060619498256424,5.480638923341991,10.050311456976926
206,8,0.0,0.75,a831d0dd487eee54f5dd90d8b05a06aa46b487cbc91aa72b3fed08a99d94abc5,9.20391980417326,5.147494476813453,9.186457431512851
207,8,0.0,0.75,a831d0dd487eee54f5dd90d8b05a06aa46b487cbc91aa72b3fed08a99d94abc5,8.911260254572033,4.060443010546419,8.903407519932264
208,8,0.0,0.75,a831d0dd487eee54f5dd90d8b05a06aa46b487cbc91aa72b3fed08a99d94abc5,9.468078568054892,2.995732273553991,9.466531777336593
209,8,0.0,0.25,a831d0dd487eee54f5dd90d8b05a06aa46b487cbc91aa72b3fed08a99d94abc5,9.944917362299268,5.8998973535824915,9.92725290608639
210,8,0.0,0.25,a831d0dd487eee54f5dd90d8b05a06aa46b487cbc91aa72b3fed08a99d94abc5,9.457122321855792,4.04305126783455,9.452658902676433
211,8,0.0,0.25,a831d0dd487eee54f5dd90d8b05a06aa46b487cbc91aa72b3fed08a99d94abc5,11.277418298172556,1.791759469228055,11.277342362262429
212,8,0.0,0.25,a831d0dd487eee54f5dd90d8b05a06aa46b487cbc91aa72b3fed08a99d94abc5,10.164889815967427,7.3031700512368,10.106020149946213
213,8,0.0,0.25,a831d0dd487eee54f5dd90d8b05a06aa46b487cbc91aa72b3fed08a99d94abc5,9.885527227159136,1.3862943611198906,9.885323581908457
214,8,0.0,0.25,a831d0dd487eee54f5dd90d8b05a06aa46b487cbc91aa72b3fed08a99d94abc5,9.288411907396338,7.486613313139955,9.108086137937427
215,7,0.0,0.42857142857142855,a831d0dd487eee54f5dd90d8b05a06aa46b487cbc91aa72b3fed08a99d94abc5,11.0869923082222,10.252276483450736,10.517835002606233
216,7,0.0,0.42857142857142855,a831d0dd487eee54f5dd90d8b05a06aa46b487cbc91aa72b3fed08a99d94abc5,10.706811133741756,7.254177846456518,10.674636898740612
217,2,0.0,0.5,9c275adc3b358bd0fa91b7bb25663d76d7d701398dde6652ae53cfd698926599,8.471777327885755,8.130353547431238,7.231287004327616
218,2,0.0,0.5,9c275adc3b358bd0fa91b7bb25663d76d7d701398dde6652ae53cfd698926599,9.86998247397873,8.591929537530255,9.543449817892206
219,2,0.0,0.5,9c275adc3b358bd0fa91b7bb25663d76d7d701398dde6652ae53cfd698926599,10.139270884196774,8.448057452581375,9.93556744599954
220,2,0.0,0.5,9c275adc3b358bd0fa91b7bb25663d76d7d701398dde6652ae53cfd698926599,9.912496846693715,8.140898460607852,9.72609383397847
221,2,0.0,0.5,9c275adc3b358bd0fa91b7bb25663d76d7d701398dde6652ae53cfd698926599,10.192119174023498,8.236420527265391,10.039590635528468
222,2,0.0,0.5,9c275adc3b358bd0fa91b7bb25663d76d7d701398dde6652ae53cfd698926599,9.667765219015058,8.428143374582726,9.325987795502144
223,2,0.0,0.5,9c275adc3b358bd0fa91b7bb25663d76d7d701398dde6652ae53cfd698926599,9.496871782670567,7.478169694159785,9.354354132115088
224,2,0.0,0.5,9c275adc3b358bd0fa91b7bb25663d76d7d701398dde6652ae53cfd698926599,9.57073837671504,6.656726524178391,9.514953305087944
225,2,5.662960480135946,0.5,9c275adc3b358bd0fa91b7bb25663d76d7d701398dde6652ae53cfd698926599,9.75475549873573,8.32020459757888,9.460476328353995
226,2,6.324358962381311,0.5,9c275adc3b358bd0fa91b7bb25663d76d7d701398dde6652ae53cfd698926599,9.845275642787714,7.3914152346753585,9.722505098743403
227,2,6.2878585601617845,0.5,9c275adc3b358bd0fa91b7bb25663d76d7d701398dde6652ae53cfd698926599,9.991315262901649,8.545586265917455,9.689922976002242
228,2,0.0,0.5,9c275adc3b358bd0fa91b7bb25663d76d7d701398dde6652ae53cfd698926599,9.88969284151394,7.717351272185329,9.768755439335086
229,2,2.4849066497880004,0.5,9c275adc3b358bd0fa91b7bb25663d76d7d701398dde6652ae53cfd698926599,10.503696737436805,8.216628493133443,10.396230668751352
230,2,4.060443010546419,0.5,9c275adc3b358bd0fa91b7bb25663d76d7d701398dde6652ae53cfd698926599,11.089637468588725,7.284134806195205,11.066232029799922
231,5,0.0,0.6,d0e5a7cae63c11d6ed2bddf976c1b369f1b2f13e07117ba4ac457a52959654d2,8.735364401103888,5.908082938168931,8.674367865788236
232,5,0.0,0.6,d0e5a7cae63c11d6ed2bddf976c1b369f1b2f13e07117ba4ac457a52959654d2,9.194718991073225,6.705639094860003,9.108086137937427
233,5,0.0,0.2,d0e5a7cae63c11d6ed2bddf976c1b369f1b2f13e07117ba4ac457a52959654d2,8.750683034784592,7.529406457837013,8.401333305321703
234,3,0.0,0.0,fe50ec2aa4f26793671c4e770b773d26bc8aedb7db971522c0a9997b42cd194b,9.276970454273945,9.028218795184895,7.763871287820222
235,3,0.0,0.6666666666666666,fe50ec2aa4f26793671c4e770b773d26bc8aedb7db971522c0a9997b42cd194b,7.05444965813294,6.539585955617669,6.144185634125646
236,3,2.1972245773362196,0.6666666666666666,fe50ec2aa4f26793671c4e770b773d26bc8aedb7db971522c0a9997b42cd194b,9.318207742845189,9.216223035134337,6.976348070447749
237,2,0.0,0.5,18d766e7790cdce76a31ba18acba779a6d24d95c2e384e1932305a701e257af5,6.704414354964107,5.948034989180646,6.07073772800249
238,2,0.0,0.5,18d766e7790cdce76a31ba18acba779a6d24d95c2e384e1932305a701e257af5,9.402694764470512,8.854236693405742,8.540323608805092
239,2,0.0,0.5,18d766e7790cdce76a31ba18acba779a6d24d95c2e384e1932305a701e257af5,8.239329427901795,7.776115477098742,7.247080584585756
240,2,0.0,0.5,18d766e7790cdce76a31ba18acba779a6d24d95c2e384e1932305a701e257af5,8.95040315983296,8.66888370465667,7.545389749611823
241,2,0.0,0.5,18d766e7790cdce76a31ba18acba779a6d24d95c2e384e1932305a701e257af5,9.66478610230597,6.142037405587356,9.634823485920109
242,2,0.0,0.5,18d766e7790cdce76a31ba18acba779a6d24d95c2e384e1932305a701e257af5,6.93828448401696,6.418364935936212,6.035481432524756
243,2,0.0,0.5,18d766e7790cdce76a31ba18acba779a6d24d95c2e384e1932305a701e257af5,9.229162126216771,5.062595033026967,9.213535262872702
244,2,0.0,0.5,18d766e7790cdce76a31ba18acba779a6d24d95c2e384e1932305a701e257af5,6.466144724237619,6.295266001439646,4.61512051684126
245,2,0.0,0.5,18d766e7790cdce76a31ba18acba779a6d24d95c2e384e1932305a701e257af5,7.329093736246592,6.47543271670409,6.774223886357614
246,2,0.0,0.5,18d766e7790cdce76a31ba18acba779a6d24d95c2e384e1932305a701e257af5,7.845024417241484,5.407171771460119,7.753623546559746
247,2,0.0,0.5,18d766e7790cdce76a31ba18acba779a6d24d95c2e384e1932305a701e257af5,10.349582636730188,8.236685322712457,10.220740563078143
248,2,0.0,0.5,18d766e7790cdce76a31ba18acba779a6d24d95c2e384e1932305a701e257af5,9.303466349965667,6.61338421837956,9.23317760587894
249,2,0.0,0.5,18d766e7790cdce76a31ba18acba779a6d24d95c2e384e1932305a701e257af5,9.442404020664952,7.573017256052546,9.274910142625483
250,2,0.0,0.5,18d766e7790cdce76a31ba18acba779a6d24d95c2e384e1932305a701e257af5,8.347590407030058,6.38856140554563,8.195609567288775
251,2,0.0,0.0,18d766e7790cdce76a31ba18acba779a6d24d95c2e384e1932305a701e257af5,10.257097805102015,8.609407675404048,10.043292972227004
252,2,0.0,0.0,18d766e7790cdce76a31ba18acba779a6d24d95c2e384e1932305a701e257af5,6.220590170099739,0.0,6.218600119691729
253,4,0.0,0.5,bb54adf6969a48d984eaba287c8de2536ce1b62bae5c4a6f4104834a07ce5514,5.60947179518496,3.5553480614894135,5.472270673671475
254,1,0.0,0.0,735fc385e38dd2166db9fdabff905b4a985c5ebc496708618fe3548dbafd2f8e,8.176110342237342,7.659171367666058,7.268920128193722
255,1,0.0,0.0,735fc385e38dd2166db9fdabff905b4a985c5ebc496708618fe3548dbafd2f8e,10.460929550930699,10.343869252547853,8.257904193465674
256,1,0.0,0.0,735fc385e38dd2166db9fdabff905b4a985c5ebc496708618fe3548dbafd2f8e,9.265207273417023,8.965334573804839,7.914617709040679
257,1,0.0,0.0,735fc385e38dd2166db9fdabff905b4a985c5ebc496708618fe3548dbafd2f8e,9.904586947979428,8.90734159541251,9.444305161921976
258,1,0.0,0.0,735fc385e38dd2166db9fdabff905b4a985c5ebc496708618fe3548dbafd2f8e,9.388402871849754,8.736328721332908,8.652423140676342
259,1,0.0,0.0,735fc385e38dd2166db9fdabff905b4a985c5ebc496708618fe3548dbafd2f8e,9.918228370857626,9.303648549109834,9.139810605785655
260,1,0.0,0.0,735fc385e38dd2166db9fdabff905b4a985c5ebc496708618fe3548dbafd2f8e,9.699778913860525,8.941414628006845,9.067854723679428
261,1,0.0,1.0,735fc385e38dd2166db9fdabff905b4a985c5ebc496708618fe3548dbafd2f8e,9.753652546776472,9.29330189269053,8.756525002926972
262,1,0.0,1.0,735fc385e38dd2166db9fdabff905b4a985c5ebc496708618fe3548dbafd2f8e,6.856461984594587,6.786716950605081,4.1588830833596715
263,1,4.30406509320417,1.0,735fc385e38dd2166db9fdabff905b4a985c5ebc496708618fe3548dbafd2f8e,9.815311861632402,8.951828676824181,9.260653185849772
264,1,6.98100574072173,1.0,735fc385e38dd2166db9fdabff905b4a985c5ebc496708618fe3548dbafd2f8e,10.953924487999807,9.339612707680322,10.708220829548091
265,1,0.0,0.0,735fc385e38dd2166db9fdabff905b4a985c5ebc496708618fe3548dbafd2f8e,7.697575346802343,6.597145701886651,7.293017679772782
266,1,0.0,0.0,735fc385e38dd2166db9fdabff905b4a985c5ebc496708618fe3548dbafd2f8e,8.610683534503575,5.846438775057725,8.545586265917455
267,1,0.0,0.0,735fc385e38dd2166db9fdabff905b4a985c5ebc496708618fe3548dbafd2f8e,7.315218389752975,3.871201010907891,7.282761179605593
268,1,0.0,0.0,735fc385e38dd2166db9fdabff905b4a985c5ebc496708618fe3548dbafd2f8e,9.270305953143616,5.247024072160486,9.252249775053393
269,1,0.0,0.0,735fc385e38dd2166db9fdabff905b4a985c5ebc496708618fe3548dbafd2f8e,8.889721799278137,8.030409562130485,8.339023005744759
270,1,0.0,0.0,735fc385e38dd2166db9fdabff905b4a985c5ebc496708618fe3548dbafd2f8e,8.277666160851503,5.123963979403259,8.23403420769204
271,1,0.0,0.0,735fc385e38dd2166db9fdabff905b4a985c5ebc496708618fe3548dbafd2f8e,9.034318927730707,8.099857910737585,8.535425959677298
272,1,0.0,1.0,735fc385e38dd2166db9fdabff905b4a985c5ebc496708618fe3548dbafd2f8e,8.881419551507804,7.746300662231439,8.493719835230594
273,1,0.0,1.0,735fc385e38dd2166db9fdabff905b4a985c5ebc496708618fe3548dbafd2f8e,10.091086824325448,6.668228248417403,10.057923905840546
274,1,0.0,1.0,735fc385e38dd2166db9fdabff905b4a985c5ebc496708618fe3548dbafd2f8e,9.215626376405421,6.1675164908883415,9.16701524723781
275,1,0.0,1.0,735fc385e38dd2166db9fdabff905b4a985c5ebc496708618fe3548dbafd2f8e,9.323936878558722,7.1693500166706,9.200693994924377
276,1,0.0,1.0,735fc385e38dd2166db9fdabff905b4a985c5ebc496708618fe3548dbafd2f8e,11.381027024068311,5.176149732573829,11.379005425403694
277,1,0.0,1.0,735fc385e38dd2166db9fdabff905b4a985c5ebc496708618fe3548dbafd2f8e,11.187001400261579,4.584967478670572,11.185642873914873
278,1,0.0,1.0,735fc385e38dd2166db9fdabff905b4a985c5ebc496708618fe3548dbafd2f8e,11.365990356846531,7.1372784372603855,11.351312007761603
279,2,0.0,1.0,5020af425bb84dc614b9df4e0ccf54be14d4429ee9d219d8f9c9b494179db39b,9.248117736310213,8.403128235128264,8.68676717538769
280,2,0.0,1.0,5020af425bb84dc614b9df4e0ccf54be14d4429ee9d219d8f9c9b494179db39b,9.14120463314132,7.9665866976384025,8.771680359010377
281,2,0.0,1.0,5020af425bb84dc614b9df4e0ccf54be14d4429ee9d219d8f9c9b494179db39b,9.37007543009734,8.142063283104147,9.023528749909364
282,2,0.0,1.0,5020af425bb84dc614b9df4e0ccf54be14d4429ee9d219d8f9c9b494179db39b,9.987415012471414,6.57507584059962,9.953895455079973
283,2,0.0,1.0,5020af425bb84dc614b9df4e0ccf54be14d4429ee9d219d8f9c9b494179db39b,9.745136396380753,6.066108090103747,9.719564714375199
284,8,0.0,0.625,28f01427b06a8bf6565afb5bd6a03e1b69e84e91104fa0ae4af8ea4bc0ead9d2,8.216358332386156,6.93828448401696,7.8898337513942955
285,8,0.0,0.625,28f01427b06a8bf6565afb5bd6a03e1b69e84e91104fa0ae4af8ea4bc0ead9d2,10.09220527683532,9.371523409567573,9.425854896125902
286,8,0.0,0.625,28f01427b06a8bf6565afb5bd6a03e1b69e84e91104fa0ae4af8ea4bc0ead9d2,9.698552220870587,8.045267716607803,9.486076373409563
287,8,0.0,0.625,28f01427b06a8bf6565afb5bd6a03e1b69e84e91104fa0ae4af8ea4bc0ead9d2,9.964535614101061,9.056606272034141,9.448096635658239
288,8,0.0,0.625,28f01427b06a8bf6565afb5bd6a03e1b69e84e91104fa0ae4af8ea4bc0ead9d2,10.230486487364859,8.837681215593197,9.944965331982438
289,8,0.0,0.5,28f01427b06a8bf6565afb5bd6a03e1b69e84e91104fa0ae4af8ea4bc0ead9d2,10.033901591258061,7.669495251007694,9.935179999268618
290,8,0.0,0.5,28f01427b06a8bf6565afb5bd6a03e1b69e84e91104fa0ae4af8ea4bc0ead9d2,10.187500401613525,7.727094484779841,10.09823162932864
291,8,0.0,0.5,28f01427b06a8bf6565afb5bd6a03e1b69e84e91104fa0ae4af8ea4bc0ead9d2,9.824498456285756,7.571473648851271,9.713476507257793
292,8,0.0,0.5,28f01427b06a8bf6565afb5bd6a03e1b69e84e91104fa0ae4af8ea4bc0ead9d2,9.796403329926454,4.820281565605037,9.789478635924262
293,8,0.0,0.5,28f01427b06a8bf6565afb5bd6a03e1b69e84e91104fa0ae4af8ea4bc0ead9d2,11.194701707405748,5.7430031878094825,11.19040346967574
294,8,0.0,0.5,28f01427b06a8bf6565afb5bd6a03e1b69e84e91104fa0ae4af8ea4bc0ead9d2,11.411058838566658,2.3978952727983707,11.410937035212486
295,12,0.0,0.3333333333333333,383cc2f7d070e50f4bd6518cc2f284ff296624664363049fddaba58c353d27cd,8.61286694148452,0.0,8.612685172875459
296,6,0.0,0.5,de0dd7052a011dc3bcc707915f634f83f12ad8bea77c3c22fa4a93e60ca8cc27,9.653165488841426,8.105005537547246,9.414097209490203
297,6,0.0,0.5,de0dd7052a011dc3bcc707915f634f83f12ad8bea77c3c22fa4a93e60ca8cc27,10.011130461551485,8.031710375322042,9.862457202978137
298,6,0.0,0.5,de0dd7052a011dc3bcc707915f634f83f12ad8bea77c3c22fa4a93e60ca8cc27,9.768412111339039,8.532475814947395,9.42512911890764
299,6,0.0,0.5,de0dd7052a011dc3bcc707915f634f83f12ad8bea77c3c22fa4a93e60ca8cc27,8.853093836138493,7.903596289614301,8.36380888451688
300,7,0.0,0.5714285714285714,de0dd7052a011dc3bcc707915f634f83f12ad8bea77c3c22fa4a93e60ca8cc27,9.819018395909678,8.90557995798965,9.306286713023391
301,7,0.0,0.5714285714285714,de0dd7052a011dc3bcc707915f634f83f12ad8bea77c3c22fa4a93e60ca8cc27,9.593628035139645,8.483429561263428,9.193906065512758
302,7,0.0,0.5714285714285714,de0dd7052a011dc3bcc707915f634f83f12ad8bea77c3c22fa4a93e60ca8cc27,10.060833123259906,8.917712757131387,9.676900579444158
303,7,0.0,0.5714285714285714,de0dd7052a011dc3bcc707915f634f83f12ad8bea77c3c22fa4a93e60ca8cc27,10.123827176517604,8.051659556841953,9.989252319496922
304,7,0.0,0.5714285714285714,de0dd7052a011dc3bcc707915f634f83f12ad8bea77c3c22fa4a93e60ca8cc27,9.745780556506093,8.552753366814787,9.38437770918244
305,7,0.0,0.5714285714285714,de0dd7052a011dc3bcc707915f634f83f12ad8bea77c3c22fa4a93e60ca8cc27,10.048323556581577,8.59452453435256,9.782167017299573
306,7,0.0,0.5714285714285714,de0dd7052a011dc3bcc707915f634f83f12ad8bea77c3c22fa4a93e60ca8cc27,9.076466063419854,7.104144092987527,8.92665032079394
307,7,0.0,0.8571428571428571,de0dd7052a011dc3bcc707915f634f83f12ad8bea77c3c22fa4a93e60ca8cc27,10.113343209523402,7.580699752224563,10.030560635099604
308,7,0.0,0.8571428571428571,de0dd7052a011dc3bcc707915f634f83f12ad8bea77c3c22fa4a93e60ca8cc27,10.048107242146072,8.92252495730139,9.65585917954152
309,2,0.0,0.5,6a57291c6d142b302996c7df49b399bd5fa10644b649d6a74a712881318c30bb,8.926517509850122,6.663132695990803,8.816705015621595
310,2,0.0,0.5,6a57291c6d142b302996c7df49b399bd5fa10644b649d6a74a712881318c30bb,9.28998299962838,6.9865664594064265,9.18471482433721
311,2,0.0,0.5,6a57291c6d142b302996c7df49b399bd5fa10644b649d6a74a712881318c30bb,9.107421317968342,5.8971538676367405,9.066239028001926
312,2,0.0,0.5,6a57291c6d142b302996c7df49b399bd5fa10644b649d6a74a712881318c30bb,8.10711747075039,4.8283137373023015,8.068716192714781
313,2,0.0,1.0,6a57291c6d142b302996c7df49b399bd5fa10644b649d6a74a712881318c30bb,8.686429508661536,6.618738983517219,8.551208070003515
314,2,0.0,1.0,6a57291c6d142b302996c7df49b399bd5fa10644b649d6a74a712881318c30bb,9.083869707922235,7.126890808898808,8.931551966694522
315,2,0.0,1.0,6a57291c6d142b302996c7df49b399bd5fa10644b649d6a74a712881318c30bb,9.101194924715385,7.205635176410364,8.93840040647301
316,2,0.0,1.0,6a57291c6d142b302996c7df49b399bd5fa10644b649d6a74a712881318c30bb,8.9082888855571,7.62657020629066,8.58316818033977
317,2,0.0,1.0,6a57291c6d142b302996c7df49b399bd5fa10644b649d6a74a712881318c30bb,8.981430225767635,7.293697720601438,8.776938645174996
318,2,0.0,1.0,6a57291c6d142b302996c7df49b399bd5fa10644b649d6a74a712881318c30bb,9.014811987694946,7.142827401161621,8.84779106484485
319,2,0.0,1.0,6a57291c6d142b302996c7df49b399bd5fa10644b649d6a74a712881318c30bb,8.466320861042481,6.663132695990803,8.286269452783065
320,2,0.0,0.0,6a57291c6d142b302996c7df49b399bd5fa10644b649d6a74a712881318c30bb,8.855948534052018,6.954638864880987,8.694167141883597
321,2,0.0,0.0,6a57291c6d142b302996c7df49b399bd5fa10644b649d6a74a712881318c30bb,8.109826276018477,6.278521424165844,7.935229539816907
322,5,0.0,0.8,f8049cd0adc935da07707b58babb231c7b6e0463626e4ad7b1d1537367dff3a2,10.217166265013583,8.269500767180615,10.06330784398357
323,5,0.0,0.8,f8049cd0adc935da07707b58babb231c7b6e0463626e4ad7b1d1537367dff3a2,9.470162947548884,8.612139668725192,8.918516400357067
324,5,0.0,0.8,f8049cd0adc935da07707b58babb231c7b6e0463626e4ad7b1d1537367dff3a2,11.215085306752389,8.636574948436317,11.136164424990419
325,5,0.0,0.8,f8049cd0adc935da07707b58babb231c7b6e0463626e4ad7b1d1537367dff3a2,10.598957034465641,8.802071336535285,10.417657577552509
326,5,0.0,0.4,f8049cd0adc935da07707b58babb231c7b6e0463626e4ad7b1d1537367dff3a2,11.007932796396682,8.914357274485015,10.87640433434749
327,5,0.0,0.4,f8049cd0adc935da07707b58babb231c7b6e0463626e4ad7b1d1537367dff3a2,10.584536847897937,8.448057452581375,10.458894495697496
328,5,0.0,0.4,f8049cd0adc935da07707b58babb231c7b6e0463626e4ad7b1d1537367dff3a2,11.032224826176158,9.16282938930513,10.864732529411326
329,5,3.713572066704308,0.4,f8049cd0adc935da07707b58babb231c7b6e0463626e4ad7b1d1537367dff3a2,10.467550579684536,7.736743682453495,10.398915234122022
330,5,7.8504931808711405,0.4,f8049cd0adc935da07707b58babb231c7b6e0463626e4ad7b1d1537367dff3a2,11.209506887331928,8.749890955535259,11.081403814542282
331,5,7.189922170745808,0.4,f8049cd0adc935da07707b58babb231c7b6e0463626e4ad7b1d1537367dff3a2,11.181040689838715,8.89959435992585,11.052507743748084
332,5,2.3978952727983707,0.4,f8049cd0adc935da07707b58babb231c7b6e0463626e4ad7b1d1537367dff3a2,11.168715368176574,8.80732226751107,11.069509237433492
333,5,6.96979066990159,0.4,f8049cd0adc935da07707b58babb231c7b6e0463626e4ad7b1d1537367dff3a2,11.208829417250193,8.441175704992322,11.128453451741024
334,5,5.783825182329737,0.4,f8049cd0adc935da07707b58babb231c7b6e0463626e4ad7b1d1537367dff3a2,10.960895829280181,7.939871576361883,10.904964663771006
335,3,0.0,0.6666666666666666,6770004d8a1c4327f5e00ee41bf6b7a42ed1c745bc94f0ed76456788ba49bad5,9.005895898094458,8.325063693631197,8.300280189852664
336,3,0.0,0.6666666666666666,6770004d8a1c4327f5e00ee41bf6b7a42ed1c745bc94f0ed76456788ba49bad5,10.01283510937141,9.594036921611199,8.940367233305174
337,3,0.0,0.6666666666666666,6770004d8a1c4327f5e00ee41bf6b7a42ed1c745bc94f0ed76456788ba49bad5,9.922701771459932,9.577688157971219,8.690978417187905
338,3,0.0,0.6666666666666666,6770004d8a1c4327f5e00ee41bf6b7a42ed1c745bc94f0ed76456788ba49bad5,10.265975567789152,8.6347984334905,10.048193773535386
339,3,0.0,0.3333333333333333,6770004d8a1c4327f5e00ee41bf6b7a42ed1c745bc94f0ed76456788ba49bad5,10.484976651553191,9.665293813175541,9.904137341377625
340,5,0.0,0.6,b72e85a1b4c11f935c33693e927a9cbc020f454845fe9c462958caa8e4766709,10.622180640063812,6.375024819828097,10.60777247750653
341,9,0.0,0.5555555555555556,c81aece63930568a9df34caa9bdea33986eea55ac10ba8b235acd4195e2725b5,6.620073206530356,3.258096538021482,6.584791392385716
342,9,0.0,0.5555555555555556,c81aece63930568a9df34caa9bdea33986eea55ac10ba8b235acd4195e2725b5,6.586171654854675,5.225746673713202,6.289715570908998
343,9,0.0,0.5555555555555556,c81aece63930568a9df34caa9bdea33986eea55ac10ba8b235acd4195e2725b5,5.926926025970411,4.3694478524670215,5.69035945432406
344,9,0.0,0.3333333333333333,c81aece63930568a9df34caa9bdea33986eea55ac10ba8b235acd4195e2725b5,6.473890696352274,4.276666119016055,6.3561076606958915
345,9,0.0,0.3333333333333333,c81aece63930568a9df34caa9bdea33986eea55ac10ba8b235acd4195e2725b5,7.650168700845001,6.369900982828227,7.324489979348532
346,9,0.0,0.3333333333333333,c81aece63930568a9df34caa9bdea33986eea55ac10ba8b235acd4195e2725b5,5.713732805509369,2.70805020110221,5.662960480135946
347,5,0.0,0.4,b383470a2e7e83f4c9f89c21bab35f5df60a23b9137a27fbfd2363fefc04a93a,9.189116735524555,8.824677891164198,8.003028666384733
348,5,0.0,0.4,b383470a2e7e83f4c9f89c21bab35f5df60a23b9137a27fbfd2363fefc04a93a,8.590815331286851,8.384118837190895,6.912742820493176
349,5,0.0,0.4,b383470a2e7e83f4c9f89c21bab35f5df60a23b9137a27fbfd2363fefc04a93a,8.790573479157159,8.65956043270316,6.693323668269949
350,5,0.0,0.8,b383470a2e7e83f4c9f89c21bab35f5df60a23b9137a27fbfd2363fefc04a93a,9.152605321324945,7.68017564043659,8.892061625546935
351,5,0.0,0.8,b383470a2e7e83f4c9f89c21bab35f5df60a23b9137a27fbfd2363fefc04a93a,9.166701914946353,8.484669999710677,8.462314529906248
352,5,0.0,0.8,b383470a2e7e83f4c9f89c21bab35f5df60a23b9137a27fbfd2363fefc04a93a,9.056256356593467,8.752265313595721,7.717351272185329
353,5,0.0,0.8,b383470a2e7e83f4c9f89c21bab35f5df60a23b9137a27fbfd2363fefc04a93a,8.550821372396221,6.490723534502507,8.414495793177895
354,5,0.0,0.8,b383470a2e7e83f4c9f89c21bab35f5df60a23b9137a27fbfd2363fefc04a93a,10.686064017922497,9.014447135152134,10.477879349862967
355,5,0.0,0.8,b383470a2e7e83f4c9f89c21bab35f5df60a23b9137a27fbfd2363fefc04a93a,11.147267436530433,8.630878955820053,11.063069501527256
356,5,0.0,0.8,b383470a2e7e83f4c9f89c21bab35f5df60a23b9137a27fbfd2363fefc04a93a,11.187153772771103,8.410943391573527,11.12285622984002
357,5,0.0,0.4,b383470a2e7e83f4c9f89c21bab35f5df60a23b9137a27fbfd2363fefc04a93a,10.807179248833767,8.57035473953047,10.694237736914808
358,5,0.0,0.4,b383470a2e7e83f4c9f89c21bab35f5df60a23b9137a27fbfd2363fefc04a93a,11.190941760821426,6.710523109452428,11.179548433256318
359,2,0.0,0.0,63bb029dea7cf5cd7789a4bf25436f487dc07ac146a53b4983e34377b3af1ca3,8.552174160311482,6.0330862217988015,8.46821300919452
360,2,0.0,0.0,63bb029dea7cf5cd7789a4bf25436f487dc07ac146a53b4983e34377b3af1ca3,9.75655244441243,4.127134385045092,9.752955318231582
361,2,3.912023005428146,0.0,63bb029dea7cf5cd7789a4bf25436f487dc07ac146a53b4983e34377b3af1ca3,10.619984981704288,9.036938912556787,10.38859528829649
362,2,5.267858159063328,0.0,63bb029dea7cf5cd7789a4bf25436f487dc07ac146a53b4983e34377b3af1ca3,10.26976128039413,6.988413181999592,10.224447232050629
363,2,5.66988092298052,0.0,63bb029dea7cf5cd7789a4bf25436f487dc07ac146a53b4983e34377b3af1ca3,10.800269214022057,6.999422467507961,10.771595935483736
364,2,6.841615476477592,0.0,63bb029dea7cf5cd7789a4bf25436f487dc07ac146a53b4983e34377b3af1ca3,10.959887992394929,7.995306620290822,10.889621460952071
365,2,4.276666119016055,0.0,63bb029dea7cf5cd7789a4bf25436f487dc07ac146a53b4983e34377b3af1ca3,10.264652401747712,7.591861714889934,10.190394324520158
366,2,5.730099782973574,0.5,63bb029dea7cf5cd7789a4bf25436f487dc07ac146a53b4983e34377b3af1ca3,10.727487541514835,8.39615486303918,10.617760014711022
367,2,6.111467339502679,0.5,63bb029dea7cf5cd7789a4bf25436f487dc07ac146a53b4983e34377b3af1ca3,10.825362662704183,8.297543529356284,10.732366827399314
368,9,0.0,0.5555555555555556,9ce4f32cfa160f27b16ee33f4ec411b7a90a6b3243e241e6afcc6b51a8d4271f,9.239510749275963,8.344742754417545,8.714074899541522
369,9,0.0,0.5555555555555556,9ce4f32cfa160f27b16ee33f4ec411b7a90a6b3243e241e6afcc6b51a8d4271f,9.638284261844774,9.292473201514705,8.408493774492896
370,9,0.0,0.6666666666666666,9ce4f32cfa160f27b16ee33f4ec411b7a90a6b3243e241e6afcc6b51a8d4271f,9.429315246418172,9.075551045627543,8.21851757748959
371,9,0.0,0.6666666666666666,9ce4f32cfa160f27b16ee33f4ec411b7a90a6b3243e241e6afcc6b51a8d4271f,9.354613861132608,8.679312040892672,8.643297068211963
372,9,6.643789733147672,0.6666666666666666,9ce4f32cfa160f27b16ee33f4ec411b7a90a6b3243e241e6afcc6b51a8d4271f,9.39357817555449,8.211211361793023,8.93075873555827
373,9,4.189654742026425,0.6666666666666666,9ce4f32cfa160f27b16ee33f4ec411b7a90a6b3243e241e6afcc6b51a8d4271f,8.379539026117442,7.2456550675945355,7.968665700466235
374,9,6.257667587882639,0.6666666666666666,9ce4f32cfa160f27b16ee33f4ec411b7a90a6b3243e241e6afcc6b51a8d4271f,9.171807422259398,8.282483003730562,8.545974992841689
375,9,3.8501476017100584,0.6666666666666666,9ce4f32cfa160f27b16ee33f4ec411b7a90a6b3243e241e6afcc6b51a8d4271f,9.3171298661577,8.636397438894713,8.602820277383675
376,9,6.059123195581797,0.6666666666666666,9ce4f32cfa160f27b16ee33f4ec411b7a90a6b3243e241e6afcc6b51a8d4271f,9.25023393563786,8.790877754224164,8.133000218583613
377,9,2.9444389791664403,0.4444444444444444,9ce4f32cfa160f27b16ee33f4ec411b7a90a6b3243e241e6afcc6b51a8d4271f,9.471396088360253,9.245514446983837,7.8655717576847906
378,9,2.772588722239781,0.4444444444444444,9ce4f32cfa160f27b16ee33f4ec411b7a90a6b3243e241e6afcc6b51a8d4271f,9.113168460223909,8.786914938491025,7.828038032125829
379,3,0.0,0.6666666666666666,7e07decdc83c46abafeb5eaa5ed287259968ff4be2c3cbf10e17b3bd2660918c,9.818310855128535,8.738254576526122,9.403437001938096
380,3,0.0,0.6666666666666666,7e07decdc83c46abafeb5eaa5ed287259968ff4be2c3cbf10e17b3bd2660918c,9.431401757086068,8.74528448245438,8.731174900938061
381,3,0.0,0.6666666666666666,7e07decdc83c46abafeb5eaa5ed287259968ff4be2c3cbf10e17b3bd2660918c,9.677026002747972,9.096163326913784,8.857372832825773
382,3,0.0,0.6666666666666666,7e07decdc83c46abafeb5eaa5ed287259968ff4be2c3cbf10e17b3bd2660918c,9.287486581152837,8.444837529224097,8.724369949208368
383,3,0.0,0.6666666666666666,7e07decdc83c46abafeb5eaa5ed287259968ff4be2c3cbf10e17b3bd2660918c,8.822027322685583,7.999342952713282,8.24354550792826
384,3,0.0,0.6666666666666666,7e07decdc83c46abafeb5eaa5ed287259968ff4be2c3cbf10e17b3bd2660918c,10.657894447316275,7.922623574217286,10.590817847774508
385,3,0.0,0.6666666666666666,7e07decdc83c46abafeb5eaa5ed287259968ff4be2c3cbf10e17b3bd2660918c,10.74920559423812,8.739536422559677,10.605297106174726
386,3,0.0,0.6666666666666666,7e07decdc83c46abafeb5eaa5ed287259968ff4be2c3cbf10e17b3bd2660918c,10.628278738430534,9.275097619191461,10.329310689232171
387,3,0.0,0.3333333333333333,7e07decdc83c46abafeb5eaa5ed287259968ff4be2c3cbf10e17b3bd2660918c,10.939603677478631,9.782505655975346,10.5621468026374
388,3,0.0,0.3333333333333333,7e07decdc83c46abafeb5eaa5ed287259968ff4be2c3cbf10e17b3bd2660918c,10.052683118897981,8.987071812848821,9.6302999262348
389,1,0.0,1.0,c7b9f45a51195d35acef7469c85b7ad1fb012b099eeb9c30adb883ce81eb68e9,8.249836485425702,6.831953565565855,7.9724660159745655
390,1,0.0,0.0,c7b9f45a51195d35acef7469c85b7ad1fb012b099eeb9c30adb883ce81eb68e9,9.458293602198967,8.9237243977064,8.576593534697684
391,1,0.0,0.0,c7b9f45a51195d35acef7469c85b7ad1fb012b099eeb9c30adb883ce81eb68e9,9.947647968321782,9.075207697984686,9.406482647787449
392,1,0.0,0.0,c7b9f45a51195d35acef7469c85b7ad1fb012b099eeb9c30adb883ce81eb68e9,10.185315020186113,9.348013177101256,9.61813609542263
393,1,0.0,0.0,c7b9f45a51195d35acef7469c85b7ad1fb012b099eeb9c30adb883ce81eb68e9,9.518486617560317,8.61558951327243,8.998631198287637
394,1,0.0,0.0,c7b9f45a51195d35acef7469c85b7ad1fb012b099eeb9c30adb883ce81eb68e9,9.85245738142335,7.151485463904735,9.782956995898381
395,1,0.0,0.0,c7b9f45a51195d35acef7469c85b7ad1fb012b099eeb9c30adb883ce81eb68e9,10.2909923352673,7.783224016336037,10.206033606636451
396,1,0.0,1.0,c7b9f45a51195d35acef7469c85b7ad1fb012b099eeb9c30adb883ce81eb68e9,10.220958983173661,7.079184394609668,10.176791757041954
397,1,0.0,1.0,c7b9f45a51195d35acef7469c85b7ad1fb012b099eeb9c30adb883ce81eb68e9,9.139595967450425,5.69035945432406,9.107310471656639
398,5,0.0,0.4,c7b6e0ab1fc1eeda5b49833d2e581d6988c7038f423ceff758b3f46d8487527e,7.370230641807081,6.587550014824796,6.759255270663693
399,5,0.0,0.4,c7b6e0ab1fc1eeda5b49833d2e581d6988c7038f423ceff758b3f46d8487527e,7.695757990554761,7.553810852008231,5.673323267171493
400,5,0.0,0.4,c7b6e0ab1fc1eeda5b49833d2e581d6988c7038f423ceff758b3f46d8487527e,7.933796874815411,7.738488122494646,6.20455776256869
401,5,0.0,0.4,c7b6e0ab1fc1eeda5b49833d2e581d6988c7038f423ceff758b3f46d8487527e,8.70167907103957,8.314832179284556,7.564757012905729
402,5,0.0,0.4,c7b6e0ab1fc1eeda5b49833d2e581d6988c7038f423ceff758b3f46d8487527e,8.861350110795998,7.45876269238096,8.579040594742317
403,5,0.0,0.4,c7b6e0ab1fc1eeda5b49833d2e581d6988c7038f423ceff758b3f46d8487527e,8.909640602443098,8.773384596776648,6.849066282633458
404,5,0.0,0.4,c7b6e0ab1fc1eeda5b49833d2e581d6988c7038f423ceff758b3f46d8487527e,8.127995055771946,7.808729306744399,6.8308742346461795
405,4,0.0,0.5,c7b6e0ab1fc1eeda5b49833d2e581d6988c7038f423ceff758b3f46d8487527e,9.137231900155545,6.849066282633458,9.03025631012242
406,4,0.0,0.5,c7b6e0ab1fc1eeda5b49833d2e581d6988c7038f423ceff758b3f46d8487527e,8.915969311373605,7.925518979786926,8.451694209183541
407,3,0.0,0.0,4f58ed3ff5bec642352803392d9bf860d500cacbcc3a6417c16e47fbaaf788dc,9.47883962501119,8.70251025718999,8.862483576488332
408,3,0.0,0.0,4f58ed3ff5bec642352803392d9bf860d500cacbcc3a6417c16e47fbaaf788dc,10.216142686053809,9.92162212273161,8.850087606689566
409,3,0.0,0.0,4f58ed3ff5bec642352803392d9bf860d500cacbcc3a6417c16e47fbaaf788dc,10.0650109866928,8.51919119407891,9.825309771472105
410,3,0.0,0.0,4f58ed3ff5bec642352803392d9bf860d500cacbcc3a6417c16e47fbaaf788dc,10.035085827892875,8.495356496807062,9.793728488543389
411,3,0.0,0.0,4f58ed3ff5bec642352803392d9bf860d500cacbcc3a6417c16e47fbaaf788dc,9.364948090202622,5.655991810819852,9.340139809511028
412,3,0.0,0.0,4f58ed3ff5bec642352803392d9bf860d500cacbcc3a6417c16e47fbaaf788dc,9.566054854819791,4.31748811353631,9.560785953663574
413,3,0.0,0.3333333333333333,4f58ed3ff5bec642352803392d9bf860d500cacbcc3a6417c16e47fbaaf788dc,10.504464618123944,5.3981627015177525,10.498387745089026
414,1,0.0,0.0,b4f0f35494014c3657274293ab359d2174a0202788fefe3f0c363cb0790d237b,9.525516008736886,8.840580188488795,8.824089482791823
415,1,0.0,0.0,b4f0f35494014c3657274293ab359d2174a0202788fefe3f0c363cb0790d237b,9.38151671766514,8.869116865929483,8.467582690862903
416,1,0.0,0.0,b4f0f35494014c3657274293ab359d2174a0202788fefe3f0c363cb0790d237b,8.942722330560143,8.329416783939319,8.162801353492073
417,1,0.0,0.0,b4f0f35494014c3657274293ab359d2174a0202788fefe3f0c363cb0790d237b,9.079662048334066,7.942717540573791,8.692825760059396
418,1,0.0,0.0,b4f0f35494014c3657274293ab359d2174a0202788fefe3f0c363cb0790d237b,8.812099108957337,7.359467638255621,8.545586265917455
419,1,0.0,0.0,b4f0f35494014c3657274293ab359d2174a0202788fefe3f0c363cb0790d237b,9.665737848832556,8.543640361431086,9.271811694064283
420,1,0.0,0.0,b4f0f35494014c3657274293ab359d2174a0202788fefe3f0c363cb0790d237b,9.056722883310583,8.229511118964457,8.481773246184977
421,1,0.0,1.0,b4f0f35494014c3657274293ab359d2174a0202788fefe3f0c363cb0790d237b,9.226410552153677,8.731013415269564,8.286521373681236
422,4,0.0,0.25,6ce1f13e08b9a9370d2f41333ee0e9db782d1f37103044e76f88fccf95bc541d,6.327936783729195,6.148468295917647,4.5217885770490405
423,4,0.0,0.5,6ce1f13e08b9a9370d2f41333ee0e9db782d1f37103044e76f88fccf95bc541d,9.52507811645139,8.659039915644474,8.979290649090876
424,4,0.0,0.5,6ce1f13e08b9a9370d2f41333ee0e9db782d1f37103044e76f88fccf95bc541d,9.258368340986765,8.361708288575842,8.734238184268579
425,4,0.0,0.5,6ce1f13e08b9a9370d2f41333ee0e9db782d1f37103044e76f88fccf95bc541d,9.164610520270008,7.8928255262511176,8.835646922534773
426,4,0.0,0.5,6ce1f13e08b9a9370d2f41333ee0e9db782d1f37103044e76f88fccf95bc541d,9.457903327831136,7.501634457883413,9.30546871706776
427,4,0.0,0.5,6ce1f13e08b9a9370d2f41333ee0e9db782d1f37103044e76f88fccf95bc541d,9.671240186972447,8.39728289474368,9.343121483210002
428,4,0.0,0.5,6ce1f13e08b9a9370d2f41333ee0e9db782d1f37103044e76f88fccf95bc541d,10.247927958806518,9.786616600804713,9.252441547994819
429,4,0.0,0.5,6ce1f13e08b9a9370d2f41333ee0e9db782d1f37103044e76f88fccf95bc541d,10.309185966759637,9.756089025531404,9.453129675537227
430,4,0.0,0.5,6ce1f13e08b9a9370d2f41333ee0e9db782d1f37103044e76f88fccf95bc541d,10.1633486867855,8.934455109403913,9.8171668460696
431,3,0.0,0.6666666666666666,41258e840c21575c6929ce1ab26cb851925b37cecf3695b246839a4800c186b1,8.59007183682881,7.9157131993821155,7.87777633327726
432,3,0.0,0.6666666666666666,41258e840c21575c6929ce1ab26cb851925b37cecf3695b246839a4800c186b1,8.09437844497296,7.952615111651,6.07073772800249
433,3,0.0,0.6666666666666666,41258e840c21575c6929ce1ab26cb851925b37cecf3695b246839a4800c186b1,8.96405612822033,7.947325027016463,8.514990767861038
434,3,0.0,0.6666666666666666,41258e840c21575c6929ce1ab26cb851925b37cecf3695b246839a4800c186b1,8.173293438966228,7.1276936993473985,7.740229524763182
435,3,0.0,0.6666666666666666,41258e840c21575c6929ce1ab26cb851925b37cecf3695b246839a4800c186b1,8.872066513408342,8.396831834745054,7.89989532313973
436,3,0.0,0.6666666666666666,41258e840c21575c6929ce1ab26cb851925b37cecf3695b246839a4800c186b1,9.05005424204284,8.302513718514158,8.408493774492896
437,3,4.07753744390572,0.6666666666666666,41258e840c21575c6929ce1ab26cb851925b37cecf3695b246839a4800c186b1,9.933143437443638,9.716193654115616,8.28374674710613
438,3,0.0,0.6666666666666666,41258e840c21575c6929ce1ab26cb851925b37cecf3695b246839a4800c186b1,8.419359831067474,8.190908881182514,6.8308742346461795
439,3,0.0,0.0,63270a88cf70700dec1d014ba4096e62c19a92084b7180cb228e6b65c875c6d3,9.78571701680162,9.622913491543725,7.890208213109961
440,3,0.0,0.0,63270a88cf70700dec1d014ba4096e62c19a92084b7180cb228e6b65c875c6d3,9.730502276719161,9.484557193474393,8.207401833376355
441,3,3.828641396489095,0.0,63270a88cf70700dec1d014ba4096e62c19a92084b7180cb228e6b65c875c6d3,9.271059107010888,8.799058378546453,8.281977058867758
442,3,0.0,0.0,63270a88cf70700dec1d014ba4096e62c19a92084b7180cb228e6b65c875c6d3,9.749578510178852,9.619133270177022,7.64826303090192
443,3,0.0,0.0,63270a88cf70700dec1d014ba4096e62c19a92084b7180cb228e6b65c875c6d3,9.612867836097005,9.200492035921368,8.52793528794814
444,3,0.0,0.0,63270a88cf70700dec1d014ba4096e62c19a92084b7180cb228e6b65c875c6d3,9.687257547490987,9.225130457448818,8.693161274238017
445,4,4.343805421853684,0.25,63270a88cf70700dec1d014ba4096e62c19a92084b7180cb228e6b65c875c6d3,8.66406026722579,8.543055850941965,6.368187186350492
446,4,0.0,0.25,63270a88cf70700dec1d014ba4096e62c19a92084b7180cb228e6b65c875c6d3,9.372714290960442,9.285540604539118,6.889591308354466
447,3,0.0,0.3333333333333333,6868df000fd32192aabc4c73e3d1618864833b0b08ed93b85804906365b47e25,10.015386645033537,9.510815266226716,9.089640586738398
448,3,0.0,0.3333333333333333,6868df000fd32192aabc4c73e3d1618864833b0b08ed93b85804906365b47e25,9.273596821611198,7.275172319452771,9.127936545721367
449,3,8.733271845008325,0.3333333333333333,6868df000fd32192aabc4c73e3d1618864833b0b08ed93b85804906365b47e25,9.945253101768596,8.14002395246292,9.325274910068282
450,3,8.756210091886738,0.3333333333333333,6868df000fd32192aabc4c73e3d1618864833b0b08ed93b85804906365b47e25,9.717880604750643,8.16876982367527,8.814776088545281
451,3,9.536329278582551,0.3333333333333333,6868df000fd32192aabc4c73e3d1618864833b0b08ed93b85804906365b47e25,10.83372063653299,8.693328989123106,10.33802590813
452,3,6.900730664045173,0.3333333333333333,6868df000fd32192aabc4c73e3d1618864833b0b08ed93b85804906365b47e25,10.325940873673147,10.162577230623807,8.190354403763262
453,3,7.89989532313973,0.6666666666666666,6868df000fd32192aabc4c73e3d1618864833b0b08ed93b85804906365b47e25,10.47534242212957,8.60557030203365,10.21361581381774
454,3,7.793174347189205,0.6666666666666666,6868df000fd32192aabc4c73e3d1618864833b0b08ed93b85804906365b47e25,10.193466984036592,8.971448463693834,9.706803344906337
455,2,0.0,0.5,091c5ea0a7848e2054898d5388c98bf0a1094b9428acb37659bf7bee2585be0e,10.612631106180674,4.653960350157523,10.610044420005991
456,2,0.0,0.5,091c5ea0a7848e2054898d5388c98bf0a1094b9428acb37659bf7bee2585be0e,11.259966828576832,5.003946305945459,11.258046118484
457,2,0.0,0.5,091c5ea0a7848e2054898d5388c98bf0a1094b9428acb37659bf7bee2585be0e,10.364481970436772,2.1972245773362196,10.364198134870271
458,2,0.0,0.5,396cfbbfceca676fc612a39b50257b4024292f7e6e3a25de6866273c4c43fa22,9.025455532779063,8.578476419833136,8.005033344637111
459,2,0.0,0.5,396cfbbfceca676fc612a39b50257b4024292f7e6e3a25de6866273c4c43fa22,8.48879371689454,6.844815479208263,8.27410200229233
460,2,0.0,0.5,396cfbbfceca676fc612a39b50257b4024292f7e6e3a25de6866273c4c43fa22,8.825412915085566,7.400009517162692,8.550434525196039
461,2,0.0,0.5,396cfbbfceca676fc612a39b50257b4024292f7e6e3a25de6866273c4c43fa22,9.532278933106054,7.037905963447182,9.446123703636829
462,2,0.0,0.5,396cfbbfceca676fc612a39b50257b4024292f7e6e3a25de6866273c4c43fa22,10.39662770624607,6.212606095751519,10.381273322223919
463,2,0.0,0.5,396cfbbfceca676fc612a39b50257b4024292f7e6e3a25de6866273c4c43fa22,9.033841828485016,7.849323818040561,8.668711839055147
464,2,0.0,0.0,4751f8dd0aecb76f33d8b1d860f469e0086fe619193256b0ad5e10e2f5415674,8.492080490601163,8.228977643358313,7.028201432058005
465,2,0.0,0.0,4751f8dd0aecb76f33d8b1d860f469e0086fe619193256b0ad5e10e2f5415674,9.021356672308677,8.85395110151461,7.151485463904735
466,2,0.0,0.0,4751f8dd0aecb76f33d8b1d860f469e0086fe619193256b0ad5e10e2f5415674,9.081824949740755,8.952346543226227,6.97354301952014
467,2,0.0,0.0,4751f8dd0aecb76f33d8b1d860f469e0086fe619193256b0ad5e10e2f5415674,8.598220030058611,8.19836438996762,7.488293515159428
468,2,0.0,0.0,4751f8dd0aecb76f33d8b1d860f469e0086fe619193256b0ad5e10e2f5415674,9.697692639556532,9.482350275033667,8.056426767522984
469,2,0.0,0.0,4751f8dd0aecb76f33d8b1d860f469e0086fe619193256b0ad5e10e2f5415674,10.547181849376543,10.24494733066838,9.203315757039219
470,3,0.0,0.3333333333333333,4751f8dd0aecb76f33d8b1d860f469e0086fe619193256b0ad5e10e2f5415674,10.385851971480083,8.936561204693394,10.118316634246252
471,3,0.0,0.3333333333333333,4751f8dd0aecb76f33d8b1d860f469e0086fe619193256b0ad5e10e2f5415674,10.459812216373336,10.037143937348802,9.394743094973961
472,5,0.0,0.6,53346479b764a506066cacd9145710acaabca2557bf930b62ff21bafbc9a6e6d,7.611347717403621,5.736572297479192,7.444833273892193
473,5,0.0,0.6,53346479b764a506066cacd9145710acaabca2557bf930b62ff21bafbc9a6e6d,9.351579483668907,8.425077902508432,8.847503625923641
474,5,0.0,0.6,53346479b764a506066cacd9145710acaabca2557bf930b62ff21bafbc9a6e6d,9.446992273315185,8.780633799494984,8.726318950962243
475,5,0.0,0.6,53346479b764a506066cacd9145710acaabca2557bf930b62ff21bafbc9a6e6d,9.254452946594503,8.496582237512113,8.622093601241607
476,5,0.0,0.6,53346479b764a506066cacd9145710acaabca2557bf930b62ff21bafbc9a6e6d,8.339261982923576,7.180069874302796,7.962763930168115
477,5,0.0,0.6,53346479b764a506066cacd9145710acaabca2557bf930b62ff21bafbc9a6e6d,8.748939631537715,8.058010800802085,8.05356916913454
478,5,0.0,0.2,53346479b764a506066cacd9145710acaabca2557bf930b62ff21bafbc9a6e6d,8.270269111436624,7.4815557019095165,7.664346632098617
479,5,0.0,0.2,53346479b764a506066cacd9145710acaabca2557bf930b62ff21bafbc9a6e6d,9.436678814186912,8.915163617762142,8.536211197252
480,1,0.0,1.0,260ee95ac9db3d25b725c7d6e6ebc1a9ef5f787cde82d886a233900d188aaafe,7.104144092987527,4.990432586778736,6.975413927455952
481,1,0.0,1.0,260ee95ac9db3d25b725c7d6e6ebc1a9ef5f787cde82d886a233900d188aaafe,10.361703226029821,10.226874549608686,8.291295851905407
482,1,0.0,1.0,260ee95ac9db3d25b725c7d6e6ebc1a9ef5f787cde82d886a233900d188aaafe,10.049058675855347,9.96029312635758,7.583247524303362
483,1,0.0,1.0,260ee95ac9db3d25b725c7d6e6ebc1a9ef5f787cde82d886a233900d188aaafe,9.085797036901582,8.983314293397749,6.756932389247553
484,1,0.0,1.0,260ee95ac9db3d25b725c7d6e6ebc1a9ef5f787cde82d886a233900d188aaafe,9.792667717430884,9.728240909414135,7.018401799069201
485,1,0.0,0.0,260ee95ac9db3d25b725c7d6e6ebc1a9ef5f787cde82d886a233900d188aaafe,10.018377518410084,9.755625391793744,8.55333223803211
486,1,0.0,0.0,260ee95ac9db3d25b725c7d6e6ebc1a9ef5f787cde82d886a233900d188aaafe,8.858652969548489,8.719807451477955,6.815639990074331
487,4,0.0,0.5,b539a1120f24705bf97a63623c1342087dfc71cb03c775bb3c1e3e4599d8f8a5,10.136462615763627,6.111467339502679,10.11843762882181
488,4,0.0,0.5,b539a1120f24705bf97a63623c1342087dfc71cb03c775bb3c1e3e4599d8f8a5,9.989252319496922,7.486613313139955,9.903837491300417
489,4,0.0,0.5,b539a1120f24705bf97a63623c1342087dfc71cb03c775bb3c1e3e4599d8f8a5,11.130962016647155,5.4680601411351315,11.12748354806753
490,4,0.0,0.5,b539a1120f24705bf97a63623c1342087dfc71cb03c775bb3c1e3e4599d8f8a5,9.404919826165639,6.78105762593618,9.329633378164166
491,4,0.0,0.5,b539a1120f24705bf97a63623c1342087dfc71cb03c775bb3c1e3e4599d8f8a5,11.296695459925086,7.7706452341291765,11.266833092277611
492,4,0.0,1.0,b539a1120f24705bf97a63623c1342087dfc71cb03c775bb3c1e3e4599d8f8a5,10.65605863433599,6.835184586147301,10.633906432771306
493,4,0.0,1.0,b539a1120f24705bf97a63623c1342087dfc71cb03c775bb3c1e3e4599d8f8a5,9.865993348108548,7.893572073504902,9.716193654115616
494,12,0.0,0.75,5cc7e291842468116ad019d3f74d427a2b2e5888976c04848d4e1db01055f91d,9.54831148472113,7.641084249174914,9.387565631345389
495,12,2.8903717578961645,0.75,5cc7e291842468116ad019d3f74d427a2b2e5888976c04848d4e1db01055f91d,8.173011311724972,7.563719668414366,7.377133712833954
496,12,7.311886164077165,0.75,5cc7e291842468116ad019d3f74d427a2b2e5888976c04848d4e1db01055f91d,9.5876803163585,9.115480090952223,8.291797105048733
497,12,7.642044402873258,0.75,5cc7e291842468116ad019d3f74d427a2b2e5888976c04848d4e1db01055f91d,10.522611372747287,9.258273025731485,10.1093221647277
498,2,0.0,0.5,27d59cd97a14b340351887ffcca3f3991dd7e660c042ad09ac7f307078c17348,7.301822342137932,4.8283137373023015,7.213768308118642
499,3,0.0,0.3333333333333333,529b1023d7fc2b31dd0375bbce890e1b63a17a82a8644b0f984bf0a6dc52634c,8.635153989049803,8.481566013773087,6.68586094706836
500,6,0.0,0.5,c34fcd4001fe6db4c1d7046907d8b4f380f28046f195967f9fa320265207dfbc,6.616065185132817,6.150602768446279,5.627621113690637
501,6,0.0,0.5,c34fcd4001fe6db4c1d7046907d8b4f380f28046f195967f9fa320265207dfbc,8.88751459738882,8.326758814511733,8.041734711487537
502,6,0.0,0.5,c34fcd4001fe6db4c1d7046907d8b4f380f28046f195967f9fa320265207dfbc,9.33078652505205,8.87514731685335,8.325548307161398
503,6,0.0,0.5,c34fcd4001fe6db4c1d7046907d8b4f380f28046f195967f9fa320265207dfbc,9.755625391793744,9.488350824731233,8.305484017727691
504,6,0.0,0.5,c34fcd4001fe6db4c1d7046907d8b4f380f28046f195967f9fa320265207dfbc,8.744806737401898,8.349011198176003,7.62657020629066
505,4,0.0,0.75,65c46cb63840a6c611051d27c6aa52a17421c0189140c95f41021c3bfab0bf28,10.388933827962722,6.261491684321042,10.372678351524836
506,4,0.0,0.75,65c46cb63840a6c611051d27c6aa52a17421c0189140c95f41021c3bfab0bf28,11.3039559852119,8.855235623206967,11.213589077374968
507,4,0.0,0.75,65c46cb63840a6c611051d27c6aa52a17421c0189140c95f41021c3bfab0bf28,11.352228404272937,8.861066543517762,11.265783747381978
508,4,0.0,0.25,65c46cb63840a6c611051d27c6aa52a17421c0189140c95f41021c3bfab0bf28,11.168531937601006,8.917444732471514,11.057282229917783
509,4,0.0,0.25,65c46cb63840a6c611051d27c6aa52a17421c0189140c95f41021c3bfab0bf28,11.289381833634678,9.189729418072059,11.158704650049076
510,2,0.0,1.0,a98f4b263cc09de16ef398106fe10d570136169166f3f747fb2edfe40237e42e,8.637284671674058,7.900266036767701,7.986164860332727
511,2,5.996452088619021,1.0,a98f4b263cc09de16ef398106fe10d570136169166f3f747fb2edfe40237e42e,9.418329675518715,8.96890555068972,8.307705966549513
512,2,0.0,1.0,a98f4b263cc09de16ef398106fe10d570136169166f3f747fb2edfe40237e42e,8.879333174786028,8.12651816878071,8.242493153187626
513,2,7.496097345175956,1.0,a98f4b263cc09de16ef398106fe10d570136169166f3f747fb2edfe40237e42e,8.958154135209242,7.4673710669175595,8.347590407030058
514,2,1.791759469228055,1.0,a98f4b263cc09de16ef398106fe10d570136169166f3f747fb2edfe40237e42e,8.543640361431086,7.593877844605118,8.052614818815567
515,2,5.111987788356544,1.0,a98f4b263cc09de16ef398106fe10d570136169166f3f747fb2edfe40237e42e,9.181838011503471,8.212025804623437,8.677269139262872
516,2,0.0,0.0,75f2124fa4d799e90799bcebe3e6c0131cff7626817e168ae35f07b9ef768548,9.728002573001161,8.976514972315112,9.089979015305
517,7,0.0,0.42857142857142855,097cf06c82ff7fdd8f84593b6584b2f1511a3464b96dba4dc78c7f82fbafcb49,9.720285608314866,8.041412909393047,9.513772754519195
518,7,0.0,0.42857142857142855,097cf06c82ff7fdd8f84593b6584b2f1511a3464b96dba4dc78c7f82fbafcb49,10.297386024272827,8.735525185733225,10.061985910356807
519,7,0.0,0.42857142857142855,097cf06c82ff7fdd8f84593b6584b2f1511a3464b96dba4dc78c7f82fbafcb49,10.172712841637342,8.700680734850161,9.912050783196616
520,2,0.0,0.5,28a51e628da60bc0489ae6270de0893749d9fbb247e8608b0e0c7f613231451d,6.810142450115136,5.8522024797744745,6.326149473155099
521,2,0.0,0.5,28a51e628da60bc0489ae6270de0893749d9fbb247e8608b0e0c7f613231451d,9.828494573494698,9.69424690639091,7.754052639035757
522,2,6.405228458030842,0.5,28a51e628da60bc0489ae6270de0893749d9fbb247e8608b0e0c7f613231451d,10.525192435641708,10.321803072623112,8.740176729929082
523,2,3.970291913552122,0.5,28a51e628da60bc0489ae6270de0893749d9fbb247e8608b0e0c7f613231451d,10.784379060058418,10.607648854359173,8.957381735582787
524,2,3.7612001156935624,1.0,28a51e628da60bc0489ae6270de0893749d9fbb247e8608b0e0c7f613231451d,10.422430144404066,10.298329770340379,8.263332667439967
525,2,8.09101504171053,1.0,28a51e628da60bc0489ae6270de0893749d9fbb247e8608b0e0c7f613231451d,10.59593448798168,10.24498286663967,9.055556158175316
526,7,6.810142450115136,0.5714285714285714,5e4eec8ff32b70eb9ecd47d04db392416c4333371c4ca3b13e1d5458c6cf34ec,8.00469951054955,6.816735880594968,7.069023426578259
527,7,10.014894750110258,0.5714285714285714,5e4eec8ff32b70eb9ecd47d04db392416c4333371c4ca3b13e1d5458c6cf34ec,10.420076536191223,8.994668835500674,8.042056410058754
528,7,6.248042874508429,0.5714285714285714,5e4eec8ff32b70eb9ecd47d04db392416c4333371c4ca3b13e1d5458c6cf34ec,9.515174503245529,8.329416783939319,9.094143577573671
529,7,6.8308742346461795,0.5714285714285714,5e4eec8ff32b70eb9ecd47d04db392416c4333371c4ca3b13e1d5458c6cf34ec,10.930353181520665,10.786469660366542,8.788440957404594
530,7,7.356279876550748,0.5714285714285714,5e4eec8ff32b70eb9ecd47d04db392416c4333371c4ca3b13e1d5458c6cf34ec,10.35631323200413,9.28461261635077,9.858385578623707
531,7,7.3613754289773485,0.5714285714285714,5e4eec8ff32b70eb9ecd47d04db392416c4333371c4ca3b13e1d5458c6cf34ec,10.383905513880693,10.212184752202996,8.168486417126681
532,3,0.0,0.6666666666666666,3a2794ba6956efb870864dfbddcf44bb33b240312e0a5ebd95f8b27b5c9aeac6,7.746300662231439,6.733401891837359,7.29505641646263
533,3,0.0,0.6666666666666666,3a2794ba6956efb870864dfbddcf44bb33b240312e0a5ebd95f8b27b5c9aeac6,9.336091577281744,7.01211529430638,9.233079858945672
534,3,0.0,0.6666666666666666,3a2794ba6956efb870864dfbddcf44bb33b240312e0a5ebd95f8b27b5c9aeac6,9.075093222568157,7.2254814727822945,8.903951072058707
535,3,0.0,0.6666666666666666,3a2794ba6956efb870864dfbddcf44bb33b240312e0a5ebd95f8b27b5c9aeac6,9.712629664719888,7.8009820712577405,9.552652665079078
536,3,0.0,0.3333333333333333,3a2794ba6956efb870864dfbddcf44bb33b240312e0a5ebd95f8b27b5c9aeac6,9.658290091690503,7.919719760924575,9.464982590349763
537,3,0.0,0.3333333333333333,3a2794ba6956efb870864dfbddcf44bb33b240312e0a5ebd95f8b27b5c9aeac6,9.886341393701157,9.289059126687574,9.087155271405804
538,4,0.0,0.5,c74ab508ff35c2fc240000e3ad0d01920d8c09414b46af726860e31c350c949a,8.996899596123358,7.54274354536855,8.730851903519232
539,4,0.0,0.5,c74ab508ff35c2fc240000e3ad0d01920d8c09414b46af726860e31c350c949a,9.991773117403488,7.697121317282625,9.885527227159136
540,4,0.0,0.5,c74ab508ff35c2fc240000e3ad0d01920d8c09414b46af726860e31c350c949a,10.720377750501907,7.928406026180535,10.657118168475584
541,4,0.0,0.75,c74ab508ff35c2fc240000e3ad0d01920d8c09414b46af726860e31c350c949a,10.583524163945977,7.840312983320164,10.516996110435857
542,4,0.0,0.75,c74ab508ff35c2fc240000e3ad0d01920d8c09414b46af726860e31c350c949a,10.861783578555313,7.776535028185241,10.814986823674152
543,5,0.0,0.2,5f049250dfc06a5b652aba34eeecbbad57dd6a25aa7f7d07d8e1336ed515f7d4,7.393263094763838,5.8664680569332965,7.148345743900068
544,5,0.0,0.2,5f049250dfc06a5b652aba34eeecbbad57dd6a25aa7f7d07d8e1336ed515f7d4,10.52419843983136,8.479491324232226,10.385605012165374
545,5,0.0,0.2,5f049250dfc06a5b652aba34eeecbbad57dd6a25aa7f7d07d8e1336ed515f7d4,10.02020335223209,8.000014093678072,9.877913301416697
546,5,0.0,0.2,5f049250dfc06a5b652aba34eeecbbad57dd6a25aa7f7d07d8e1336ed515f7d4,9.847446161652503,9.007979359844501,9.281916570465405
547,5,0.0,0.8,5f049250dfc06a5b652aba34eeecbbad57dd6a25aa7f7d07d8e1336ed515f7d4,9.96749468251042,9.056489647157923,9.453129675537227
548,5,0.0,0.8,5f049250dfc06a5b652aba34eeecbbad57dd6a25aa7f7d07d8e1336ed515f7d4,9.70826311038665,8.877521453852872,9.136047767394327
549,3,0.0,0.6666666666666666,0b499f07b93ec4b3e4958f91406e3bae276f33ef9db024a6d664438a5dee38eb,9.89606003670733,7.9854843567338225,9.735896960342167
550,3,0.0,0.6666666666666666,0b499f07b93ec4b3e4958f91406e3bae276f33ef9db024a6d664438a5dee38eb,11.034954178075186,9.045347797304004,10.887904113457884
551,3,0.0,0.6666666666666666,0b499f07b93ec4b3e4958f91406e3bae276f33ef9db024a6d664438a5dee38eb,10.925794584994163,8.727454116899434,10.808150948169304
552,3,0.0,0.6666666666666666,0b499f07b93ec4b3e4958f91406e3bae276f33ef9db024a6d664438a5dee38eb,10.799351062095239,9.036582045842716,10.611129179246525
553,3,0.0,0.3333333333333333,0b499f07b93ec4b3e4958f91406e3bae276f33ef9db024a6d664438a5dee38eb,10.950262539222262,8.411610428841172,10.867996856680758
554,3,0.0,0.3333333333333333,0b499f07b93ec4b3e4958f91406e3bae276f33ef9db024a6d664438a5dee38eb,11.283386506567158,8.798303718484979,11.196391140611418
555,1,0.0,0.0,47e8dd721cfc3674536ec9ec8eb3282f340e5d236cffd9436f7b1dbcea8c9484,9.117896081584902,8.193676665955241,8.612321536507814
556,1,7.166265974133638,0.0,47e8dd721cfc3674536ec9ec8eb3282f340e5d236cffd9436f7b1dbcea8c9484,10.616633419602762,8.551401362745974,10.444037013468341
557,1,0.0,0.0,47e8dd721cfc3674536ec9ec8eb3282f340e5d236cffd9436f7b1dbcea8c9484,11.685996029649997,3.332204510175204,11.685760500001614
558,1,5.488937726156687,0.0,47e8dd721cfc3674536ec9ec8eb3282f340e5d236cffd9436f7b1dbcea8c9484,10.874588387570203,9.013595294516504,10.700115984041597
559,3,0.0,0.0,2cb5d05a75a587f52184c2f8d3ef9b18e02bec7fe76bf129a9178c6de73d833e,8.14177220465645,7.621684998724611,7.239214973779806
560,1,0.0,0.0,ecfc4f9f25f2a5855e3435830445943df6e765fe7ae6bf9cec5e2c34a2a6e11d,7.791522819150732,6.329720905522696,7.527793987721444
561,1,0.0,0.0,ecfc4f9f25f2a5855e3435830445943df6e765fe7ae6bf9cec5e2c34a2a6e11d,10.378198833381107,10.300147340682555,7.789040401657477
562,1,0.0,0.0,ecfc4f9f25f2a5855e3435830445943df6e765fe7ae6bf9cec5e2c34a2a6e11d,9.760540543216194,8.254528881939745,9.509778075438817
563,1,0.0,0.0,ecfc4f9f25f2a5855e3435830445943df6e765fe7ae6bf9cec5e2c34a2a6e11d,8.115819701211327,7.496097345175956,7.343426229147367
564,1,0.0,0.0,ecfc4f9f25f2a5855e3435830445943df6e765fe7ae6bf9cec5e2c34a2a6e11d,10.437463136200819,10.368133102880323,7.734121303328305
565,3,0.0,0.3333333333333333,cf4744eac55a8be0a39b7c01cd07832b367f9e9193edcf99bee71db7b6c8d90b,8.909235279192261,8.791790024319363,6.709304340258298
566,3,3.091042453358316,0.3333333333333333,cf4744eac55a8be0a39b7c01cd07832b367f9e9193edcf99bee71db7b6c8d90b,10.715617049327939,10.375769833681609,9.469545806435415
567,3,4.584967478670572,0.3333333333333333,cf4744eac55a8be0a39b7c01cd07832b367f9e9193edcf99bee71db7b6c8d90b,11.240210819640234,11.021902468500418,9.604609707323613
568,3,6.493753839851686,0.6666666666666666,cf4744eac55a8be0a39b7c01cd07832b367f9e9193edcf99bee71db7b6c8d90b,11.228079367337655,10.493743388746434,10.557452019220811
569,3,0.0,0.6666666666666666,cf4744eac55a8be0a39b7c01cd07832b367f9e9193edcf99bee71db7b6c8d90b,10.634845320859826,10.129347411344567,9.710509415553645
570,3,0.0,0.3333333333333333,cf4744eac55a8be0a39b7c01cd07832b367f9e9193edcf99bee71db7b6c8d90b,8.912069097970134,8.718663567048953,7.173958319756794
571,3,0.0,0.6666666666666666,cf4744eac55a8be0a39b7c01cd07832b367f9e9193edcf99bee71db7b6c8d90b,9.605283652624765,9.439625028047155,7.725771441587952
572,3,0.0,0.6666666666666666,cf4744eac55a8be0a39b7c01cd07832b367f9e9193edcf99bee71db7b6c8d90b,9.292841593487926,8.337827262447915,8.807022955925477
573,2,0.0,0.5,6b6806d15065c4dc9b067525255947e24fe36884697b5c4cdc831e641c3add2a,8.72891172506098,6.586171654854675,8.604104563405533
574,2,0.0,0.0,6b6806d15065c4dc9b067525255947e24fe36884697b5c4cdc831e641c3add2a,10.193092774549758,9.08421009483197,9.792723575551273
575,2,0.0,0.0,6b6806d15065c4dc9b067525255947e24fe36884697b5c4cdc831e641c3add2a,9.754349289532406,8.412277021466677,9.451480999992047
