,goal,device,frequent,email_hash,other_device_freq,duration,day
0,youtube,browser,freq,8b24da789d3a62d3ec752b2f6c9130c8b40e9a1192334a21a38d6fb55ac374ef,infreq,6.318968113746434,2018-08-21
1,youtube,browser,freq,8b24da789d3a62d3ec752b2f6c9130c8b40e9a1192334a21a38d6fb55ac374ef,infreq,6.180016653652572,2018-08-22
2,youtube,browser,freq,8b24da789d3a62d3ec752b2f6c9130c8b40e9a1192334a21a38d6fb55ac374ef,infreq,6.6895992691789665,2018-08-25
3,facebook,browser,freq,539415565b33813048d7234428a44584980fce57d21ebc622931fc04ff504fbe,infreq,2.0794415416798357,2018-08-15
4,facebook,browser,freq,539415565b33813048d7234428a44584980fce57d21ebc622931fc04ff504fbe,infreq,5.717027701406222,2018-08-17
5,facebook,browser,freq,539415565b33813048d7234428a44584980fce57d21ebc622931fc04ff504fbe,infreq,5.093750200806762,2018-08-18
6,facebook,browser,freq,539415565b33813048d7234428a44584980fce57d21ebc622931fc04ff504fbe,infreq,4.51085950651685,2018-08-19
7,youtube,browser,infreq,60f8b28fc59aaccb2741fcc0b1c632e82b2848a7dfd661ef9f5bd27e5690d9a0,infreq,2.4849066497880004,2018-08-13
8,youtube,browser,infreq,60f8b28fc59aaccb2741fcc0b1c632e82b2848a7dfd661ef9f5bd27e5690d9a0,infreq,3.091042453358316,2018-08-14
9,youtube,browser,infreq,60f8b28fc59aaccb2741fcc0b1c632e82b2848a7dfd661ef9f5bd27e5690d9a0,infreq,3.713572066704308,2018-08-17
10,facebook,browser,infreq,60f8b28fc59aaccb2741fcc0b1c632e82b2848a7dfd661ef9f5bd27e5690d9a0,infreq,4.852030263919617,2018-08-13
11,facebook,browser,infreq,60f8b28fc59aaccb2741fcc0b1c632e82b2848a7dfd661ef9f5bd27e5690d9a0,infreq,5.976350909297934,2018-08-14
12,facebook,browser,infreq,60f8b28fc59aaccb2741fcc0b1c632e82b2848a7dfd661ef9f5bd27e5690d9a0,infreq,4.6913478822291435,2018-08-17
13,facebook,browser,infreq,60f8b28fc59aaccb2741fcc0b1c632e82b2848a7dfd661ef9f5bd27e5690d9a0,infreq,4.219507705176107,2018-08-25
14,facebook,browser,freq,b5843eadda18a08ec20d16d92370cc304849efac4f201d820399339f6683a64c,infreq,6.253828811575473,2018-08-13
15,facebook,browser,freq,b5843eadda18a08ec20d16d92370cc304849efac4f201d820399339f6683a64c,infreq,5.932245187448011,2018-08-14
16,facebook,browser,freq,b5843eadda18a08ec20d16d92370cc304849efac4f201d820399339f6683a64c,infreq,6.862757913051401,2018-08-15
17,facebook,browser,freq,b5843eadda18a08ec20d16d92370cc304849efac4f201d820399339f6683a64c,infreq,5.564520407322694,2018-08-16
18,facebook,browser,freq,b5843eadda18a08ec20d16d92370cc304849efac4f201d820399339f6683a64c,infreq,6.102558594613569,2018-08-17
19,facebook,browser,freq,b5843eadda18a08ec20d16d92370cc304849efac4f201d820399339f6683a64c,infreq,6.269096283706261,2018-08-19
20,facebook,browser,infreq,b5843eadda18a08ec20d16d92370cc304849efac4f201d820399339f6683a64c,freq,6.855408798609928,2018-08-20
21,facebook,browser,infreq,b5843eadda18a08ec20d16d92370cc304849efac4f201d820399339f6683a64c,freq,7.783640596221253,2018-08-21
22,facebook,browser,infreq,b5843eadda18a08ec20d16d92370cc304849efac4f201d820399339f6683a64c,freq,7.506042178518122,2018-08-22
23,facebook,browser,infreq,b5843eadda18a08ec20d16d92370cc304849efac4f201d820399339f6683a64c,freq,7.773173680482536,2018-08-23
24,facebook,browser,infreq,b5843eadda18a08ec20d16d92370cc304849efac4f201d820399339f6683a64c,freq,7.953669778649798,2018-08-24
25,reddit,browser,freq,b5843eadda18a08ec20d16d92370cc304849efac4f201d820399339f6683a64c,infreq,5.3612921657094255,2018-08-15
26,reddit,browser,freq,b5843eadda18a08ec20d16d92370cc304849efac4f201d820399339f6683a64c,freq,4.919980925828125,2018-08-20
27,reddit,browser,freq,b5843eadda18a08ec20d16d92370cc304849efac4f201d820399339f6683a64c,freq,7.005789019253503,2018-08-21
28,reddit,browser,freq,b5843eadda18a08ec20d16d92370cc304849efac4f201d820399339f6683a64c,freq,3.5553480614894135,2018-08-22
29,reddit,browser,freq,b5843eadda18a08ec20d16d92370cc304849efac4f201d820399339f6683a64c,freq,5.846438775057725,2018-08-23
30,reddit,browser,freq,b5843eadda18a08ec20d16d92370cc304849efac4f201d820399339f6683a64c,freq,6.025865973825314,2018-08-24
31,facebook,browser,infreq,b1f987e748865b62770b324af13a2bd459841857d33764cb049402174051f486,freq,9.01602720232985,2018-08-06
32,facebook,browser,infreq,b1f987e748865b62770b324af13a2bd459841857d33764cb049402174051f486,freq,9.123801610558944,2018-08-07
33,facebook,browser,infreq,b1f987e748865b62770b324af13a2bd459841857d33764cb049402174051f486,freq,3.6109179126442243,2018-08-08
34,facebook,browser,infreq,b1f987e748865b62770b324af13a2bd459841857d33764cb049402174051f486,freq,8.129174996911793,2018-08-09
35,facebook,browser,infreq,b1f987e748865b62770b324af13a2bd459841857d33764cb049402174051f486,freq,7.886081401775745,2018-08-10
36,facebook,browser,infreq,b1f987e748865b62770b324af13a2bd459841857d33764cb049402174051f486,freq,5.940171252720432,2018-08-12
37,facebook,browser,infreq,b1f987e748865b62770b324af13a2bd459841857d33764cb049402174051f486,infreq,8.625509334899697,2018-08-13
38,facebook,browser,infreq,b1f987e748865b62770b324af13a2bd459841857d33764cb049402174051f486,infreq,8.192847134592865,2018-08-14
39,facebook,browser,infreq,b1f987e748865b62770b324af13a2bd459841857d33764cb049402174051f486,infreq,7.755338812846501,2018-08-15
40,facebook,browser,infreq,b1f987e748865b62770b324af13a2bd459841857d33764cb049402174051f486,infreq,8.175547596021026,2018-08-16
41,facebook,browser,infreq,b1f987e748865b62770b324af13a2bd459841857d33764cb049402174051f486,infreq,8.624970783589669,2018-08-17
42,facebook,browser,infreq,b1f987e748865b62770b324af13a2bd459841857d33764cb049402174051f486,infreq,7.419979923661835,2018-08-18
43,facebook,browser,infreq,b1f987e748865b62770b324af13a2bd459841857d33764cb049402174051f486,infreq,8.55333223803211,2018-08-19
44,plurk,browser,freq,b1f987e748865b62770b324af13a2bd459841857d33764cb049402174051f486,freq,6.542471960506805,2018-08-06
45,plurk,browser,freq,b1f987e748865b62770b324af13a2bd459841857d33764cb049402174051f486,freq,4.941642422609304,2018-08-07
46,plurk,browser,freq,b1f987e748865b62770b324af13a2bd459841857d33764cb049402174051f486,freq,5.0106352940962555,2018-08-08
47,plurk,browser,freq,b1f987e748865b62770b324af13a2bd459841857d33764cb049402174051f486,freq,7.524021415206125,2018-08-09
48,plurk,browser,freq,b1f987e748865b62770b324af13a2bd459841857d33764cb049402174051f486,freq,6.364750756851911,2018-08-10
49,plurk,browser,freq,b1f987e748865b62770b324af13a2bd459841857d33764cb049402174051f486,freq,5.278114659230517,2018-08-12
50,plurk,browser,freq,b1f987e748865b62770b324af13a2bd459841857d33764cb049402174051f486,infreq,7.858640655620791,2018-08-13
51,plurk,browser,freq,b1f987e748865b62770b324af13a2bd459841857d33764cb049402174051f486,infreq,7.7702232041587855,2018-08-14
52,plurk,browser,freq,b1f987e748865b62770b324af13a2bd459841857d33764cb049402174051f486,infreq,7.063903961472068,2018-08-15
53,plurk,browser,freq,b1f987e748865b62770b324af13a2bd459841857d33764cb049402174051f486,infreq,7.039660349862076,2018-08-16
54,plurk,browser,freq,b1f987e748865b62770b324af13a2bd459841857d33764cb049402174051f486,infreq,7.022868086082641,2018-08-17
55,plurk,browser,freq,b1f987e748865b62770b324af13a2bd459841857d33764cb049402174051f486,infreq,7.10002716662926,2018-08-18
56,plurk,browser,freq,b1f987e748865b62770b324af13a2bd459841857d33764cb049402174051f486,infreq,5.849324779946859,2018-08-19
57,plurk,browser,freq,b1f987e748865b62770b324af13a2bd459841857d33764cb049402174051f486,infreq,7.076653815443951,2018-08-20
58,plurk,browser,freq,b1f987e748865b62770b324af13a2bd459841857d33764cb049402174051f486,infreq,5.986452005284438,2018-08-21
59,plurk,browser,freq,b1f987e748865b62770b324af13a2bd459841857d33764cb049402174051f486,infreq,8.129469764784231,2018-08-22
60,plurk,browser,freq,b1f987e748865b62770b324af13a2bd459841857d33764cb049402174051f486,infreq,8.67965211911394,2018-08-23
61,plurk,browser,freq,b1f987e748865b62770b324af13a2bd459841857d33764cb049402174051f486,infreq,7.59488438721652,2018-08-24
62,plurk,browser,freq,b1f987e748865b62770b324af13a2bd459841857d33764cb049402174051f486,infreq,7.213031659834869,2018-08-25
63,plurk,browser,freq,b1f987e748865b62770b324af13a2bd459841857d33764cb049402174051f486,infreq,5.541263545158426,2018-08-26
64,youtube,browser,infreq,b1f987e748865b62770b324af13a2bd459841857d33764cb049402174051f486,freq,6.0014148779611505,2018-08-06
65,youtube,browser,infreq,b1f987e748865b62770b324af13a2bd459841857d33764cb049402174051f486,freq,7.4999765409521215,2018-08-07
66,youtube,browser,infreq,b1f987e748865b62770b324af13a2bd459841857d33764cb049402174051f486,freq,3.4965075614664802,2018-08-08
67,youtube,browser,infreq,b1f987e748865b62770b324af13a2bd459841857d33764cb049402174051f486,freq,8.435549202375727,2018-08-09
68,youtube,browser,infreq,b1f987e748865b62770b324af13a2bd459841857d33764cb049402174051f486,freq,4.700480365792417,2018-08-10
69,twitter,browser,freq,06a2c3297825143fa91bf833964ec6119bccb3ccf7a049e19e51745450b40ef5,freq,6.156978985585555,2018-08-13
70,twitter,browser,freq,06a2c3297825143fa91bf833964ec6119bccb3ccf7a049e19e51745450b40ef5,freq,1.6094379124341003,2018-08-14
71,twitter,browser,freq,06a2c3297825143fa91bf833964ec6119bccb3ccf7a049e19e51745450b40ef5,freq,5.459585514144159,2018-08-15
72,twitter,browser,freq,06a2c3297825143fa91bf833964ec6119bccb3ccf7a049e19e51745450b40ef5,freq,5.438079308923196,2018-08-16
73,twitter,browser,freq,06a2c3297825143fa91bf833964ec6119bccb3ccf7a049e19e51745450b40ef5,freq,4.663439094112067,2018-08-17
74,twitter,browser,freq,06a2c3297825143fa91bf833964ec6119bccb3ccf7a049e19e51745450b40ef5,freq,6.733401891837359,2018-08-18
75,twitter,browser,freq,06a2c3297825143fa91bf833964ec6119bccb3ccf7a049e19e51745450b40ef5,freq,5.3471075307174685,2018-08-19
76,facebook,browser,freq,06a2c3297825143fa91bf833964ec6119bccb3ccf7a049e19e51745450b40ef5,freq,4.812184355372417,2018-08-13
77,facebook,browser,freq,06a2c3297825143fa91bf833964ec6119bccb3ccf7a049e19e51745450b40ef5,freq,4.983606621708336,2018-08-14
78,facebook,browser,freq,06a2c3297825143fa91bf833964ec6119bccb3ccf7a049e19e51745450b40ef5,freq,5.4638318050256105,2018-08-15
79,facebook,browser,freq,06a2c3297825143fa91bf833964ec6119bccb3ccf7a049e19e51745450b40ef5,freq,4.1588830833596715,2018-08-16
80,facebook,browser,freq,06a2c3297825143fa91bf833964ec6119bccb3ccf7a049e19e51745450b40ef5,freq,4.204692619390966,2018-08-17
81,facebook,browser,freq,06a2c3297825143fa91bf833964ec6119bccb3ccf7a049e19e51745450b40ef5,freq,6.016157159698354,2018-08-18
82,facebook,browser,freq,06a2c3297825143fa91bf833964ec6119bccb3ccf7a049e19e51745450b40ef5,freq,4.74493212836325,2018-08-19
83,facebook,browser,infreq,06a2c3297825143fa91bf833964ec6119bccb3ccf7a049e19e51745450b40ef5,freq,3.7376696182833684,2018-08-20
84,facebook,browser,infreq,06a2c3297825143fa91bf833964ec6119bccb3ccf7a049e19e51745450b40ef5,freq,3.1780538303479458,2018-08-21
85,facebook,browser,infreq,06a2c3297825143fa91bf833964ec6119bccb3ccf7a049e19e51745450b40ef5,freq,4.204692619390966,2018-08-22
86,facebook,browser,infreq,06a2c3297825143fa91bf833964ec6119bccb3ccf7a049e19e51745450b40ef5,freq,3.4657359027997265,2018-08-23
87,facebook,browser,infreq,06a2c3297825143fa91bf833964ec6119bccb3ccf7a049e19e51745450b40ef5,freq,0.0,2018-08-24
88,facebook,browser,infreq,06a2c3297825143fa91bf833964ec6119bccb3ccf7a049e19e51745450b40ef5,freq,6.18826412308259,2018-08-25
89,facebook,browser,infreq,b9db21b05b4b1ba9fcabba57072efd76ba0505ddbe1d4e0685175edb3f9be9b4,freq,5.916202062607435,2018-08-13
90,facebook,browser,infreq,b9db21b05b4b1ba9fcabba57072efd76ba0505ddbe1d4e0685175edb3f9be9b4,freq,6.55250788703459,2018-08-14
91,facebook,browser,infreq,b9db21b05b4b1ba9fcabba57072efd76ba0505ddbe1d4e0685175edb3f9be9b4,freq,6.840546529288687,2018-08-15
92,facebook,browser,infreq,b9db21b05b4b1ba9fcabba57072efd76ba0505ddbe1d4e0685175edb3f9be9b4,freq,7.083387847625295,2018-08-16
93,facebook,browser,infreq,b9db21b05b4b1ba9fcabba57072efd76ba0505ddbe1d4e0685175edb3f9be9b4,freq,8.24301946898925,2018-08-17
94,facebook,browser,freq,b9db21b05b4b1ba9fcabba57072efd76ba0505ddbe1d4e0685175edb3f9be9b4,freq,7.429520842786462,2018-08-20
95,facebook,browser,freq,b9db21b05b4b1ba9fcabba57072efd76ba0505ddbe1d4e0685175edb3f9be9b4,freq,7.6362696033793735,2018-08-21
96,facebook,browser,freq,b9db21b05b4b1ba9fcabba57072efd76ba0505ddbe1d4e0685175edb3f9be9b4,freq,7.555905093611346,2018-08-22
97,facebook,browser,freq,b9db21b05b4b1ba9fcabba57072efd76ba0505ddbe1d4e0685175edb3f9be9b4,freq,7.839525581704678,2018-08-23
98,facebook,browser,freq,b9db21b05b4b1ba9fcabba57072efd76ba0505ddbe1d4e0685175edb3f9be9b4,freq,8.034631032923107,2018-08-24
99,youtube,browser,freq,b9db21b05b4b1ba9fcabba57072efd76ba0505ddbe1d4e0685175edb3f9be9b4,freq,4.110873864173311,2018-08-13
100,youtube,browser,freq,b9db21b05b4b1ba9fcabba57072efd76ba0505ddbe1d4e0685175edb3f9be9b4,freq,5.4638318050256105,2018-08-15
101,youtube,browser,freq,b9db21b05b4b1ba9fcabba57072efd76ba0505ddbe1d4e0685175edb3f9be9b4,freq,6.573680166960646,2018-08-16
102,youtube,browser,freq,b9db21b05b4b1ba9fcabba57072efd76ba0505ddbe1d4e0685175edb3f9be9b4,freq,4.859812404361672,2018-08-21
103,youtube,browser,freq,b9db21b05b4b1ba9fcabba57072efd76ba0505ddbe1d4e0685175edb3f9be9b4,freq,5.948034989180646,2018-08-23
104,facebook,browser,freq,fef3d10729f7d2a14acac218a13b26241c02a538445c51cc7a38b422ee040208,freq,6.1092475827643655,2018-08-07
105,facebook,browser,freq,fef3d10729f7d2a14acac218a13b26241c02a538445c51cc7a38b422ee040208,freq,6.12029741895095,2018-08-08
106,facebook,browser,freq,fef3d10729f7d2a14acac218a13b26241c02a538445c51cc7a38b422ee040208,freq,6.263398262591624,2018-08-09
107,facebook,browser,freq,fef3d10729f7d2a14acac218a13b26241c02a538445c51cc7a38b422ee040208,freq,7.470224135899966,2018-08-10
108,facebook,browser,freq,fef3d10729f7d2a14acac218a13b26241c02a538445c51cc7a38b422ee040208,freq,6.066108090103747,2018-08-12
109,facebook,browser,infreq,fef3d10729f7d2a14acac218a13b26241c02a538445c51cc7a38b422ee040208,freq,7.671360923190644,2018-08-13
110,facebook,browser,infreq,fef3d10729f7d2a14acac218a13b26241c02a538445c51cc7a38b422ee040208,freq,7.29641326877392,2018-08-14
111,facebook,browser,infreq,fef3d10729f7d2a14acac218a13b26241c02a538445c51cc7a38b422ee040208,freq,6.88653164253051,2018-08-15
112,facebook,browser,infreq,fef3d10729f7d2a14acac218a13b26241c02a538445c51cc7a38b422ee040208,freq,6.100318952020064,2018-08-16
113,facebook,browser,infreq,fef3d10729f7d2a14acac218a13b26241c02a538445c51cc7a38b422ee040208,freq,7.370860166536716,2018-08-17
114,facebook,browser,infreq,fef3d10729f7d2a14acac218a13b26241c02a538445c51cc7a38b422ee040208,freq,6.954638864880987,2018-08-19
115,youtube,browser,infreq,fef3d10729f7d2a14acac218a13b26241c02a538445c51cc7a38b422ee040208,freq,3.2188758248682006,2018-08-12
116,youtube,browser,infreq,fef3d10729f7d2a14acac218a13b26241c02a538445c51cc7a38b422ee040208,infreq,6.021023349349527,2018-08-20
117,youtube,browser,infreq,fef3d10729f7d2a14acac218a13b26241c02a538445c51cc7a38b422ee040208,infreq,1.9459101490553132,2018-08-21
118,youtube,browser,infreq,fef3d10729f7d2a14acac218a13b26241c02a538445c51cc7a38b422ee040208,infreq,5.3981627015177525,2018-08-23
119,youtube,browser,infreq,fef3d10729f7d2a14acac218a13b26241c02a538445c51cc7a38b422ee040208,infreq,5.153291594497779,2018-08-24
120,youtube,browser,infreq,3634e025d10a81075ab191c56c166936de8e36d653fc596d7657ad81122004e9,infreq,3.044522437723423,2018-08-06
121,youtube,browser,infreq,3634e025d10a81075ab191c56c166936de8e36d653fc596d7657ad81122004e9,infreq,7.491645473605133,2018-08-12
122,youtube,browser,freq,a231a65e4ebb669dd24ea5cbfe959b570a8cef7332077a40ab0e793039870475,freq,8.048468743668883,2018-08-07
123,youtube,browser,freq,a231a65e4ebb669dd24ea5cbfe959b570a8cef7332077a40ab0e793039870475,freq,8.494538500851432,2018-08-08
124,youtube,browser,freq,a231a65e4ebb669dd24ea5cbfe959b570a8cef7332077a40ab0e793039870475,freq,8.984944285608679,2018-08-09
125,youtube,browser,freq,a231a65e4ebb669dd24ea5cbfe959b570a8cef7332077a40ab0e793039870475,freq,8.460834457746854,2018-08-10
126,youtube,browser,freq,a231a65e4ebb669dd24ea5cbfe959b570a8cef7332077a40ab0e793039870475,freq,8.316544717929398,2018-08-11
127,youtube,browser,freq,a231a65e4ebb669dd24ea5cbfe959b570a8cef7332077a40ab0e793039870475,freq,7.480428306074208,2018-08-12
128,youtube,browser,infreq,b10aafb657b901a90b938f894b47b94dfc36bf93048c5a7a263b1964eac571ae,freq,6.272877006546167,2018-08-13
129,youtube,browser,infreq,b10aafb657b901a90b938f894b47b94dfc36bf93048c5a7a263b1964eac571ae,freq,7.617759576608505,2018-08-14
130,youtube,browser,infreq,b10aafb657b901a90b938f894b47b94dfc36bf93048c5a7a263b1964eac571ae,freq,7.132497551660044,2018-08-16
131,youtube,browser,infreq,b10aafb657b901a90b938f894b47b94dfc36bf93048c5a7a263b1964eac571ae,freq,4.983606621708336,2018-08-17
132,youtube,browser,infreq,b10aafb657b901a90b938f894b47b94dfc36bf93048c5a7a263b1964eac571ae,freq,7.9919305198524775,2018-08-18
133,inbox,browser,freq,df51b7d092c57dd2ef29336030ecd996f74f7e86c94b53c5bce86c318154d229,infreq,7.301822342137932,2018-08-13
134,inbox,browser,freq,df51b7d092c57dd2ef29336030ecd996f74f7e86c94b53c5bce86c318154d229,infreq,7.10002716662926,2018-08-14
135,inbox,browser,freq,df51b7d092c57dd2ef29336030ecd996f74f7e86c94b53c5bce86c318154d229,infreq,7.356279876550748,2018-08-15
136,inbox,browser,freq,df51b7d092c57dd2ef29336030ecd996f74f7e86c94b53c5bce86c318154d229,infreq,5.0689042022202315,2018-08-16
137,inbox,browser,freq,df51b7d092c57dd2ef29336030ecd996f74f7e86c94b53c5bce86c318154d229,infreq,6.495265555937008,2018-08-17
138,inbox,browser,freq,df51b7d092c57dd2ef29336030ecd996f74f7e86c94b53c5bce86c318154d229,infreq,3.5263605246161616,2018-08-18
139,inbox,browser,freq,df51b7d092c57dd2ef29336030ecd996f74f7e86c94b53c5bce86c318154d229,infreq,4.174387269895637,2018-08-19
140,inbox,browser,freq,df51b7d092c57dd2ef29336030ecd996f74f7e86c94b53c5bce86c318154d229,freq,2.0794415416798357,2018-08-20
141,inbox,browser,freq,df51b7d092c57dd2ef29336030ecd996f74f7e86c94b53c5bce86c318154d229,freq,5.25227342804663,2018-08-21
142,inbox,browser,freq,df51b7d092c57dd2ef29336030ecd996f74f7e86c94b53c5bce86c318154d229,freq,7.490529402060711,2018-08-22
143,inbox,browser,freq,df51b7d092c57dd2ef29336030ecd996f74f7e86c94b53c5bce86c318154d229,freq,6.519147287940395,2018-08-23
144,inbox,browser,freq,df51b7d092c57dd2ef29336030ecd996f74f7e86c94b53c5bce86c318154d229,freq,6.4457198193855785,2018-08-24
145,inbox,browser,freq,df51b7d092c57dd2ef29336030ecd996f74f7e86c94b53c5bce86c318154d229,freq,4.90527477843843,2018-08-25
146,inbox,browser,freq,df51b7d092c57dd2ef29336030ecd996f74f7e86c94b53c5bce86c318154d229,freq,3.5263605246161616,2018-08-26
147,netflix,browser,freq,df51b7d092c57dd2ef29336030ecd996f74f7e86c94b53c5bce86c318154d229,freq,4.976733742420574,2018-08-18
148,netflix,browser,freq,df51b7d092c57dd2ef29336030ecd996f74f7e86c94b53c5bce86c318154d229,freq,7.820840879907344,2018-08-19
149,facebook,browser,infreq,79af72f3aaf5edf25f4b2b9a582e0ed730fe2169dfe92c7559f7f9186bc3119e,freq,5.572154032177765,2018-08-08
150,facebook,browser,infreq,79af72f3aaf5edf25f4b2b9a582e0ed730fe2169dfe92c7559f7f9186bc3119e,freq,6.214608098422191,2018-08-09
151,facebook,browser,infreq,79af72f3aaf5edf25f4b2b9a582e0ed730fe2169dfe92c7559f7f9186bc3119e,freq,2.5649493574615367,2018-08-10
152,facebook,browser,infreq,79af72f3aaf5edf25f4b2b9a582e0ed730fe2169dfe92c7559f7f9186bc3119e,freq,6.9957661563048505,2018-08-11
153,facebook,browser,infreq,79af72f3aaf5edf25f4b2b9a582e0ed730fe2169dfe92c7559f7f9186bc3119e,freq,4.90527477843843,2018-08-13
154,facebook,browser,infreq,79af72f3aaf5edf25f4b2b9a582e0ed730fe2169dfe92c7559f7f9186bc3119e,freq,5.945420608606575,2018-08-15
155,facebook,browser,infreq,79af72f3aaf5edf25f4b2b9a582e0ed730fe2169dfe92c7559f7f9186bc3119e,freq,7.21081845347222,2018-08-19
156,youtube,browser,freq,79af72f3aaf5edf25f4b2b9a582e0ed730fe2169dfe92c7559f7f9186bc3119e,infreq,3.332204510175204,2018-08-13
157,youtube,browser,freq,79af72f3aaf5edf25f4b2b9a582e0ed730fe2169dfe92c7559f7f9186bc3119e,infreq,2.772588722239781,2018-08-14
158,youtube,browser,freq,79af72f3aaf5edf25f4b2b9a582e0ed730fe2169dfe92c7559f7f9186bc3119e,infreq,2.3978952727983707,2018-08-18
159,youtube,browser,infreq,7480455dfed0089bd35d83c18ea62825133867f4557965f7a72fbc1b3419ffd4,infreq,8.32845106681936,2018-08-08
160,youtube,browser,infreq,7480455dfed0089bd35d83c18ea62825133867f4557965f7a72fbc1b3419ffd4,infreq,7.509335266016592,2018-08-09
161,youtube,browser,infreq,7480455dfed0089bd35d83c18ea62825133867f4557965f7a72fbc1b3419ffd4,infreq,7.443663683115591,2018-08-10
162,youtube,browser,infreq,7480455dfed0089bd35d83c18ea62825133867f4557965f7a72fbc1b3419ffd4,infreq,7.550135342488429,2018-08-11
163,youtube,browser,infreq,7480455dfed0089bd35d83c18ea62825133867f4557965f7a72fbc1b3419ffd4,infreq,5.429345628954441,2018-08-12
164,youtube,browser,infreq,dca7176c2160640b98afdf855ad996744f5068d038e29ffbae20e8121cca915e,freq,7.086737934510577,2018-08-13
165,youtube,browser,infreq,dca7176c2160640b98afdf855ad996744f5068d038e29ffbae20e8121cca915e,freq,5.087596335232384,2018-08-14
166,youtube,browser,infreq,dca7176c2160640b98afdf855ad996744f5068d038e29ffbae20e8121cca915e,freq,6.953684210870537,2018-08-15
167,youtube,browser,infreq,dca7176c2160640b98afdf855ad996744f5068d038e29ffbae20e8121cca915e,freq,7.3758821482150125,2018-08-16
168,youtube,browser,infreq,dca7176c2160640b98afdf855ad996744f5068d038e29ffbae20e8121cca915e,freq,7.347299700743164,2018-08-17
169,youtube,browser,infreq,dca7176c2160640b98afdf855ad996744f5068d038e29ffbae20e8121cca915e,freq,4.812184355372417,2018-08-18
170,youtube,browser,infreq,dca7176c2160640b98afdf855ad996744f5068d038e29ffbae20e8121cca915e,freq,7.488293515159428,2018-08-20
171,youtube,browser,infreq,dca7176c2160640b98afdf855ad996744f5068d038e29ffbae20e8121cca915e,freq,5.303304908059076,2018-08-21
172,youtube,browser,infreq,dca7176c2160640b98afdf855ad996744f5068d038e29ffbae20e8121cca915e,freq,5.993961427306569,2018-08-22
173,youtube,browser,infreq,dca7176c2160640b98afdf855ad996744f5068d038e29ffbae20e8121cca915e,freq,7.4067107301776405,2018-08-23
174,youtube,browser,infreq,dca7176c2160640b98afdf855ad996744f5068d038e29ffbae20e8121cca915e,freq,8.128290171607052,2018-08-25
175,youtube,browser,infreq,dca7176c2160640b98afdf855ad996744f5068d038e29ffbae20e8121cca915e,freq,6.3080984415095305,2018-08-26
176,facebook,browser,infreq,dca7176c2160640b98afdf855ad996744f5068d038e29ffbae20e8121cca915e,infreq,6.4692503167957724,2018-08-13
177,facebook,browser,infreq,dca7176c2160640b98afdf855ad996744f5068d038e29ffbae20e8121cca915e,infreq,5.777652323222656,2018-08-14
178,facebook,browser,infreq,dca7176c2160640b98afdf855ad996744f5068d038e29ffbae20e8121cca915e,infreq,6.492239835020471,2018-08-15
179,facebook,browser,infreq,dca7176c2160640b98afdf855ad996744f5068d038e29ffbae20e8121cca915e,infreq,5.3471075307174685,2018-08-16
180,facebook,browser,infreq,dca7176c2160640b98afdf855ad996744f5068d038e29ffbae20e8121cca915e,infreq,6.556778356158042,2018-08-17
181,facebook,browser,freq,dca7176c2160640b98afdf855ad996744f5068d038e29ffbae20e8121cca915e,freq,7.515889085215125,2018-08-20
182,facebook,browser,freq,dca7176c2160640b98afdf855ad996744f5068d038e29ffbae20e8121cca915e,freq,5.720311776607412,2018-08-21
183,facebook,browser,freq,dca7176c2160640b98afdf855ad996744f5068d038e29ffbae20e8121cca915e,freq,6.586171654854675,2018-08-22
184,facebook,browser,freq,dca7176c2160640b98afdf855ad996744f5068d038e29ffbae20e8121cca915e,freq,6.336825731146441,2018-08-23
185,facebook,browser,freq,dca7176c2160640b98afdf855ad996744f5068d038e29ffbae20e8121cca915e,freq,4.219507705176107,2018-08-24
186,facebook,browser,freq,dca7176c2160640b98afdf855ad996744f5068d038e29ffbae20e8121cca915e,freq,5.0238805208462765,2018-08-25
187,facebook,browser,freq,dca7176c2160640b98afdf855ad996744f5068d038e29ffbae20e8121cca915e,freq,6.289715570908998,2018-08-26
188,facebook,browser,infreq,9c275adc3b358bd0fa91b7bb25663d76d7d701398dde6652ae53cfd698926599,freq,3.58351893845611,2018-08-13
189,facebook,browser,infreq,9c275adc3b358bd0fa91b7bb25663d76d7d701398dde6652ae53cfd698926599,freq,5.84354441703136,2018-08-24
190,facebook,browser,freq,d0e5a7cae63c11d6ed2bddf976c1b369f1b2f13e07117ba4ac457a52959654d2,freq,2.833213344056216,2018-08-10
191,youtube,browser,freq,18d766e7790cdce76a31ba18acba779a6d24d95c2e384e1932305a701e257af5,freq,8.745921121024347,2018-08-11
192,youtube,browser,freq,18d766e7790cdce76a31ba18acba779a6d24d95c2e384e1932305a701e257af5,freq,9.125653563808989,2018-08-12
193,youtube,browser,infreq,18d766e7790cdce76a31ba18acba779a6d24d95c2e384e1932305a701e257af5,freq,8.304989580140361,2018-08-13
194,youtube,browser,infreq,18d766e7790cdce76a31ba18acba779a6d24d95c2e384e1932305a701e257af5,freq,8.354438940114811,2018-08-14
195,youtube,browser,infreq,18d766e7790cdce76a31ba18acba779a6d24d95c2e384e1932305a701e257af5,freq,9.248887781588422,2018-08-15
196,youtube,browser,infreq,18d766e7790cdce76a31ba18acba779a6d24d95c2e384e1932305a701e257af5,freq,8.882391706295847,2018-08-16
197,youtube,browser,infreq,18d766e7790cdce76a31ba18acba779a6d24d95c2e384e1932305a701e257af5,freq,9.75718929491883,2018-08-17
198,youtube,browser,infreq,18d766e7790cdce76a31ba18acba779a6d24d95c2e384e1932305a701e257af5,freq,9.232101863757695,2018-08-18
199,youtube,browser,infreq,18d766e7790cdce76a31ba18acba779a6d24d95c2e384e1932305a701e257af5,freq,8.45807992692373,2018-08-19
200,youtube,browser,infreq,18d766e7790cdce76a31ba18acba779a6d24d95c2e384e1932305a701e257af5,infreq,9.380758024267314,2018-08-20
201,youtube,browser,infreq,18d766e7790cdce76a31ba18acba779a6d24d95c2e384e1932305a701e257af5,infreq,7.585281078639126,2018-08-21
202,youtube,browser,infreq,18d766e7790cdce76a31ba18acba779a6d24d95c2e384e1932305a701e257af5,infreq,8.945202263959297,2018-08-22
203,youtube,browser,infreq,18d766e7790cdce76a31ba18acba779a6d24d95c2e384e1932305a701e257af5,infreq,8.535622326884605,2018-08-23
204,youtube,browser,infreq,18d766e7790cdce76a31ba18acba779a6d24d95c2e384e1932305a701e257af5,infreq,9.018695487721343,2018-08-24
205,youtube,browser,infreq,18d766e7790cdce76a31ba18acba779a6d24d95c2e384e1932305a701e257af5,infreq,7.252762418053187,2018-08-25
206,youtube,browser,infreq,18d766e7790cdce76a31ba18acba779a6d24d95c2e384e1932305a701e257af5,infreq,7.936302693201959,2018-08-26
207,facebook,browser,freq,bb54adf6969a48d984eaba287c8de2536ce1b62bae5c4a6f4104834a07ce5514,infreq,4.836281906951478,2018-08-16
208,facebook,browser,freq,bb54adf6969a48d984eaba287c8de2536ce1b62bae5c4a6f4104834a07ce5514,infreq,6.013715156042802,2018-08-20
209,facebook,browser,infreq,735fc385e38dd2166db9fdabff905b4a985c5ebc496708618fe3548dbafd2f8e,infreq,7.7284157798410416,2018-08-14
210,facebook,browser,infreq,735fc385e38dd2166db9fdabff905b4a985c5ebc496708618fe3548dbafd2f8e,infreq,7.575584651557793,2018-08-15
211,facebook,browser,infreq,735fc385e38dd2166db9fdabff905b4a985c5ebc496708618fe3548dbafd2f8e,infreq,7.52131798019924,2018-08-16
212,facebook,browser,infreq,735fc385e38dd2166db9fdabff905b4a985c5ebc496708618fe3548dbafd2f8e,infreq,7.709756864454165,2018-08-17
213,facebook,browser,freq,735fc385e38dd2166db9fdabff905b4a985c5ebc496708618fe3548dbafd2f8e,infreq,6.839476438228843,2018-08-20
214,facebook,browser,freq,735fc385e38dd2166db9fdabff905b4a985c5ebc496708618fe3548dbafd2f8e,infreq,7.425357887027151,2018-08-21
215,facebook,browser,freq,735fc385e38dd2166db9fdabff905b4a985c5ebc496708618fe3548dbafd2f8e,infreq,8.080237416216702,2018-08-22
216,facebook,browser,freq,735fc385e38dd2166db9fdabff905b4a985c5ebc496708618fe3548dbafd2f8e,infreq,7.501082124259871,2018-08-23
217,facebook,browser,freq,735fc385e38dd2166db9fdabff905b4a985c5ebc496708618fe3548dbafd2f8e,infreq,7.60688453121963,2018-08-24
218,facebook,browser,freq,735fc385e38dd2166db9fdabff905b4a985c5ebc496708618fe3548dbafd2f8e,infreq,7.491087593534876,2018-08-25
219,facebook,browser,freq,735fc385e38dd2166db9fdabff905b4a985c5ebc496708618fe3548dbafd2f8e,infreq,4.804021044733257,2018-08-26
220,facebook,browser,freq,5020af425bb84dc614b9df4e0ccf54be14d4429ee9d219d8f9c9b494179db39b,infreq,7.556427969440253,2018-08-14
221,facebook,browser,freq,5020af425bb84dc614b9df4e0ccf54be14d4429ee9d219d8f9c9b494179db39b,infreq,6.910750787961936,2018-08-13
222,facebook,browser,freq,5020af425bb84dc614b9df4e0ccf54be14d4429ee9d219d8f9c9b494179db39b,infreq,6.75110146893676,2018-08-15
223,facebook,browser,freq,5020af425bb84dc614b9df4e0ccf54be14d4429ee9d219d8f9c9b494179db39b,infreq,7.75833346749091,2018-08-16
224,facebook,browser,freq,5020af425bb84dc614b9df4e0ccf54be14d4429ee9d219d8f9c9b494179db39b,infreq,6.898714534329988,2018-08-17
225,facebook,browser,freq,5020af425bb84dc614b9df4e0ccf54be14d4429ee9d219d8f9c9b494179db39b,infreq,3.091042453358316,2018-08-19
226,facebook,browser,freq,28f01427b06a8bf6565afb5bd6a03e1b69e84e91104fa0ae4af8ea4bc0ead9d2,freq,7.492760300922379,2018-08-14
227,facebook,browser,freq,28f01427b06a8bf6565afb5bd6a03e1b69e84e91104fa0ae4af8ea4bc0ead9d2,freq,8.378620541552298,2018-08-16
228,facebook,browser,freq,28f01427b06a8bf6565afb5bd6a03e1b69e84e91104fa0ae4af8ea4bc0ead9d2,freq,6.661854740545311,2018-08-17
229,facebook,browser,freq,28f01427b06a8bf6565afb5bd6a03e1b69e84e91104fa0ae4af8ea4bc0ead9d2,freq,5.472270673671475,2018-08-18
230,youtube,browser,infreq,28f01427b06a8bf6565afb5bd6a03e1b69e84e91104fa0ae4af8ea4bc0ead9d2,infreq,7.614805364711073,2018-08-14
231,youtube,browser,infreq,28f01427b06a8bf6565afb5bd6a03e1b69e84e91104fa0ae4af8ea4bc0ead9d2,infreq,7.983440063006542,2018-08-15
232,youtube,browser,infreq,28f01427b06a8bf6565afb5bd6a03e1b69e84e91104fa0ae4af8ea4bc0ead9d2,infreq,8.432941638968646,2018-08-16
233,youtube,browser,infreq,28f01427b06a8bf6565afb5bd6a03e1b69e84e91104fa0ae4af8ea4bc0ead9d2,infreq,7.760893195851024,2018-08-17
234,youtube,browser,infreq,28f01427b06a8bf6565afb5bd6a03e1b69e84e91104fa0ae4af8ea4bc0ead9d2,infreq,6.727431724850855,2018-08-18
235,inbox,browser,infreq,383cc2f7d070e50f4bd6518cc2f284ff296624664363049fddaba58c353d27cd,infreq,4.465908118654584,2018-08-14
236,inbox,browser,infreq,383cc2f7d070e50f4bd6518cc2f284ff296624664363049fddaba58c353d27cd,infreq,6.161207321695077,2018-08-15
237,inbox,browser,infreq,383cc2f7d070e50f4bd6518cc2f284ff296624664363049fddaba58c353d27cd,infreq,6.184148890937483,2018-08-16
238,inbox,browser,infreq,383cc2f7d070e50f4bd6518cc2f284ff296624664363049fddaba58c353d27cd,infreq,4.962844630259907,2018-08-17
239,inbox,browser,infreq,383cc2f7d070e50f4bd6518cc2f284ff296624664363049fddaba58c353d27cd,infreq,5.583496308781699,2018-08-18
240,inbox,browser,infreq,383cc2f7d070e50f4bd6518cc2f284ff296624664363049fddaba58c353d27cd,infreq,5.68697535633982,2018-08-19
241,facebook,browser,infreq,de0dd7052a011dc3bcc707915f634f83f12ad8bea77c3c22fa4a93e60ca8cc27,freq,5.159055299214529,2018-08-14
242,facebook,browser,infreq,de0dd7052a011dc3bcc707915f634f83f12ad8bea77c3c22fa4a93e60ca8cc27,freq,4.983606621708336,2018-08-15
243,facebook,browser,infreq,de0dd7052a011dc3bcc707915f634f83f12ad8bea77c3c22fa4a93e60ca8cc27,freq,6.893656354602635,2018-08-16
244,facebook,browser,infreq,de0dd7052a011dc3bcc707915f634f83f12ad8bea77c3c22fa4a93e60ca8cc27,freq,3.871201010907891,2018-08-17
245,facebook,browser,infreq,de0dd7052a011dc3bcc707915f634f83f12ad8bea77c3c22fa4a93e60ca8cc27,freq,5.662960480135946,2018-08-20
246,facebook,browser,infreq,de0dd7052a011dc3bcc707915f634f83f12ad8bea77c3c22fa4a93e60ca8cc27,freq,6.883462586413092,2018-08-21
247,facebook,browser,infreq,de0dd7052a011dc3bcc707915f634f83f12ad8bea77c3c22fa4a93e60ca8cc27,freq,6.8966943316227125,2018-08-22
248,facebook,browser,infreq,de0dd7052a011dc3bcc707915f634f83f12ad8bea77c3c22fa4a93e60ca8cc27,freq,3.871201010907891,2018-08-23
249,facebook,browser,infreq,de0dd7052a011dc3bcc707915f634f83f12ad8bea77c3c22fa4a93e60ca8cc27,freq,3.6375861597263857,2018-08-24
250,youtube,browser,freq,de0dd7052a011dc3bcc707915f634f83f12ad8bea77c3c22fa4a93e60ca8cc27,freq,6.637258031284457,2018-08-17
251,youtube,browser,freq,de0dd7052a011dc3bcc707915f634f83f12ad8bea77c3c22fa4a93e60ca8cc27,freq,4.663439094112067,2018-08-24
252,pinterest,browser,infreq,de0dd7052a011dc3bcc707915f634f83f12ad8bea77c3c22fa4a93e60ca8cc27,infreq,4.110873864173311,2018-08-18
253,facebook,browser,infreq,53a7bc7fe955d20e0871f540fb9ba8ab51809e515399ad36c6dafda87f69f6ed,freq,4.07753744390572,2018-08-16
254,twitter,browser,freq,f8049cd0adc935da07707b58babb231c7b6e0463626e4ad7b1d1537367dff3a2,infreq,6.38856140554563,2018-08-16
255,facebook,browser,infreq,f8049cd0adc935da07707b58babb231c7b6e0463626e4ad7b1d1537367dff3a2,freq,7.190676034332207,2018-08-16
256,facebook,browser,infreq,f8049cd0adc935da07707b58babb231c7b6e0463626e4ad7b1d1537367dff3a2,freq,5.703782474656201,2018-08-17
257,facebook,browser,infreq,f8049cd0adc935da07707b58babb231c7b6e0463626e4ad7b1d1537367dff3a2,freq,5.181783550292085,2018-08-18
258,facebook,browser,infreq,f8049cd0adc935da07707b58babb231c7b6e0463626e4ad7b1d1537367dff3a2,freq,5.272999558563747,2018-08-19
259,facebook,browser,infreq,f8049cd0adc935da07707b58babb231c7b6e0463626e4ad7b1d1537367dff3a2,freq,6.647688373563329,2018-08-21
260,facebook,browser,infreq,f8049cd0adc935da07707b58babb231c7b6e0463626e4ad7b1d1537367dff3a2,freq,6.473890696352274,2018-08-23
261,facebook,browser,infreq,f8049cd0adc935da07707b58babb231c7b6e0463626e4ad7b1d1537367dff3a2,freq,6.907755278982137,2018-08-25
262,nytimes,browser,freq,f8049cd0adc935da07707b58babb231c7b6e0463626e4ad7b1d1537367dff3a2,infreq,6.669498089857879,2018-08-16
263,nytimes,browser,freq,f8049cd0adc935da07707b58babb231c7b6e0463626e4ad7b1d1537367dff3a2,infreq,5.84354441703136,2018-08-17
264,nytimes,browser,freq,f8049cd0adc935da07707b58babb231c7b6e0463626e4ad7b1d1537367dff3a2,infreq,3.7376696182833684,2018-08-19
265,nytimes,browser,freq,f8049cd0adc935da07707b58babb231c7b6e0463626e4ad7b1d1537367dff3a2,infreq,5.777652323222656,2018-08-21
266,youtube,browser,freq,f8049cd0adc935da07707b58babb231c7b6e0463626e4ad7b1d1537367dff3a2,freq,6.822197390620491,2018-08-21
267,youtube,browser,freq,f8049cd0adc935da07707b58babb231c7b6e0463626e4ad7b1d1537367dff3a2,freq,3.1780538303479458,2018-08-23
268,amazon,browser,infreq,f8049cd0adc935da07707b58babb231c7b6e0463626e4ad7b1d1537367dff3a2,freq,7.373374309910049,2018-08-23
269,amazon,browser,infreq,f8049cd0adc935da07707b58babb231c7b6e0463626e4ad7b1d1537367dff3a2,freq,6.838405200847344,2018-08-25
270,twitter,browser,infreq,6770004d8a1c4327f5e00ee41bf6b7a42ed1c745bc94f0ed76456788ba49bad5,freq,7.57198844937744,2018-08-15
271,twitter,browser,infreq,6770004d8a1c4327f5e00ee41bf6b7a42ed1c745bc94f0ed76456788ba49bad5,freq,6.095824562432225,2018-08-16
272,twitter,browser,infreq,6770004d8a1c4327f5e00ee41bf6b7a42ed1c745bc94f0ed76456788ba49bad5,freq,7.38770923908104,2018-08-17
273,twitter,browser,infreq,6770004d8a1c4327f5e00ee41bf6b7a42ed1c745bc94f0ed76456788ba49bad5,freq,6.580639137284949,2018-08-18
274,twitter,browser,infreq,6770004d8a1c4327f5e00ee41bf6b7a42ed1c745bc94f0ed76456788ba49bad5,freq,5.676753802268282,2018-08-19
275,twitter,browser,freq,6770004d8a1c4327f5e00ee41bf6b7a42ed1c745bc94f0ed76456788ba49bad5,freq,8.63994165667529,2018-08-20
276,twitter,browser,freq,6770004d8a1c4327f5e00ee41bf6b7a42ed1c745bc94f0ed76456788ba49bad5,freq,6.591673732008658,2018-08-21
277,twitter,browser,freq,6770004d8a1c4327f5e00ee41bf6b7a42ed1c745bc94f0ed76456788ba49bad5,freq,7.273092595999522,2018-08-25
278,facebook,browser,freq,6770004d8a1c4327f5e00ee41bf6b7a42ed1c745bc94f0ed76456788ba49bad5,infreq,7.578145472419466,2018-08-15
279,facebook,browser,freq,6770004d8a1c4327f5e00ee41bf6b7a42ed1c745bc94f0ed76456788ba49bad5,infreq,7.480428306074208,2018-08-16
280,facebook,browser,freq,6770004d8a1c4327f5e00ee41bf6b7a42ed1c745bc94f0ed76456788ba49bad5,infreq,7.917536353943631,2018-08-17
281,facebook,browser,freq,6770004d8a1c4327f5e00ee41bf6b7a42ed1c745bc94f0ed76456788ba49bad5,infreq,6.669498089857879,2018-08-18
282,facebook,browser,freq,6770004d8a1c4327f5e00ee41bf6b7a42ed1c745bc94f0ed76456788ba49bad5,infreq,6.915723448631314,2018-08-19
283,facebook,browser,infreq,6770004d8a1c4327f5e00ee41bf6b7a42ed1c745bc94f0ed76456788ba49bad5,freq,8.38206051742474,2018-08-20
284,facebook,browser,infreq,6770004d8a1c4327f5e00ee41bf6b7a42ed1c745bc94f0ed76456788ba49bad5,freq,6.854354502255021,2018-08-21
285,facebook,browser,infreq,6770004d8a1c4327f5e00ee41bf6b7a42ed1c745bc94f0ed76456788ba49bad5,freq,4.844187086458591,2018-08-22
286,facebook,browser,infreq,6770004d8a1c4327f5e00ee41bf6b7a42ed1c745bc94f0ed76456788ba49bad5,freq,7.699389406256737,2018-08-25
287,facebook,browser,infreq,6770004d8a1c4327f5e00ee41bf6b7a42ed1c745bc94f0ed76456788ba49bad5,freq,4.718498871295094,2018-08-26
288,youtube,browser,freq,6770004d8a1c4327f5e00ee41bf6b7a42ed1c745bc94f0ed76456788ba49bad5,freq,8.052933036797567,2018-08-15
289,youtube,browser,freq,6770004d8a1c4327f5e00ee41bf6b7a42ed1c745bc94f0ed76456788ba49bad5,freq,8.064636475774222,2018-08-19
290,youtube,browser,infreq,6770004d8a1c4327f5e00ee41bf6b7a42ed1c745bc94f0ed76456788ba49bad5,infreq,7.8713112033234065,2018-08-20
291,youtube,browser,infreq,6770004d8a1c4327f5e00ee41bf6b7a42ed1c745bc94f0ed76456788ba49bad5,infreq,8.532672762264625,2018-08-21
292,youtube,browser,infreq,6770004d8a1c4327f5e00ee41bf6b7a42ed1c745bc94f0ed76456788ba49bad5,infreq,8.464635940677562,2018-08-22
293,youtube,browser,infreq,6770004d8a1c4327f5e00ee41bf6b7a42ed1c745bc94f0ed76456788ba49bad5,infreq,9.248502833070532,2018-08-25
294,youtube,browser,freq,c81aece63930568a9df34caa9bdea33986eea55ac10ba8b235acd4195e2725b5,freq,6.576469569048224,2018-08-17
295,youtube,browser,freq,c81aece63930568a9df34caa9bdea33986eea55ac10ba8b235acd4195e2725b5,freq,5.908082938168931,2018-08-18
296,amazon,browser,freq,9ce4f32cfa160f27b16ee33f4ec411b7a90a6b3243e241e6afcc6b51a8d4271f,freq,6.911747300251674,2018-08-17
297,amazon,browser,freq,9ce4f32cfa160f27b16ee33f4ec411b7a90a6b3243e241e6afcc6b51a8d4271f,freq,3.4339872044851463,2018-08-19
298,amazon,browser,freq,9ce4f32cfa160f27b16ee33f4ec411b7a90a6b3243e241e6afcc6b51a8d4271f,freq,1.791759469228055,2018-08-20
299,amazon,browser,freq,9ce4f32cfa160f27b16ee33f4ec411b7a90a6b3243e241e6afcc6b51a8d4271f,freq,4.6913478822291435,2018-08-21
300,amazon,browser,freq,9ce4f32cfa160f27b16ee33f4ec411b7a90a6b3243e241e6afcc6b51a8d4271f,freq,6.86484777797086,2018-08-23
301,amazon,browser,freq,9ce4f32cfa160f27b16ee33f4ec411b7a90a6b3243e241e6afcc6b51a8d4271f,freq,6.610696044717759,2018-08-24
302,youtube,browser,freq,9ce4f32cfa160f27b16ee33f4ec411b7a90a6b3243e241e6afcc6b51a8d4271f,freq,5.869296913133774,2018-08-17
303,youtube,browser,freq,9ce4f32cfa160f27b16ee33f4ec411b7a90a6b3243e241e6afcc6b51a8d4271f,infreq,4.442651256490317,2018-08-23
304,youtube,browser,freq,9ce4f32cfa160f27b16ee33f4ec411b7a90a6b3243e241e6afcc6b51a8d4271f,infreq,3.828641396489095,2018-08-24
305,facebook,browser,freq,7e07decdc83c46abafeb5eaa5ed287259968ff4be2c3cbf10e17b3bd2660918c,freq,4.0943445622221,2018-08-17
306,youtube,browser,freq,7e07decdc83c46abafeb5eaa5ed287259968ff4be2c3cbf10e17b3bd2660918c,freq,2.833213344056216,2018-08-22
307,facebook,browser,freq,c7b9f45a51195d35acef7469c85b7ad1fb012b099eeb9c30adb883ce81eb68e9,infreq,5.365976015021851,2018-08-17
308,facebook,browser,freq,c7b9f45a51195d35acef7469c85b7ad1fb012b099eeb9c30adb883ce81eb68e9,infreq,6.182084906716632,2018-08-18
309,facebook,browser,freq,c7b9f45a51195d35acef7469c85b7ad1fb012b099eeb9c30adb883ce81eb68e9,infreq,3.9318256327243257,2018-08-19
310,facebook,browser,infreq,c7b9f45a51195d35acef7469c85b7ad1fb012b099eeb9c30adb883ce81eb68e9,freq,7.261225091971921,2018-08-20
311,facebook,browser,infreq,c7b9f45a51195d35acef7469c85b7ad1fb012b099eeb9c30adb883ce81eb68e9,freq,2.3978952727983707,2018-08-21
312,facebook,browser,infreq,c7b9f45a51195d35acef7469c85b7ad1fb012b099eeb9c30adb883ce81eb68e9,freq,1.0986122886681098,2018-08-22
313,facebook,browser,infreq,c7b9f45a51195d35acef7469c85b7ad1fb012b099eeb9c30adb883ce81eb68e9,freq,1.791759469228055,2018-08-23
314,facebook,browser,infreq,c7b9f45a51195d35acef7469c85b7ad1fb012b099eeb9c30adb883ce81eb68e9,freq,4.276666119016055,2018-08-24
315,facebook,browser,infreq,c7b9f45a51195d35acef7469c85b7ad1fb012b099eeb9c30adb883ce81eb68e9,freq,4.727387818712341,2018-08-25
316,facebook,browser,infreq,c7b6e0ab1fc1eeda5b49833d2e581d6988c7038f423ceff758b3f46d8487527e,freq,5.293304824724492,2018-08-21
317,facebook,browser,infreq,c7b6e0ab1fc1eeda5b49833d2e581d6988c7038f423ceff758b3f46d8487527e,freq,7.822444729489319,2018-08-22
318,facebook,browser,infreq,c7b6e0ab1fc1eeda5b49833d2e581d6988c7038f423ceff758b3f46d8487527e,freq,7.130098510125578,2018-08-23
319,facebook,browser,infreq,c7b6e0ab1fc1eeda5b49833d2e581d6988c7038f423ceff758b3f46d8487527e,freq,4.6913478822291435,2018-08-25
320,youtube,browser,infreq,c7b6e0ab1fc1eeda5b49833d2e581d6988c7038f423ceff758b3f46d8487527e,freq,7.2078598714324755,2018-08-21
321,youtube,browser,infreq,c7b6e0ab1fc1eeda5b49833d2e581d6988c7038f423ceff758b3f46d8487527e,freq,5.986452005284438,2018-08-22
322,youtube,browser,infreq,c7b6e0ab1fc1eeda5b49833d2e581d6988c7038f423ceff758b3f46d8487527e,freq,6.569481420414296,2018-08-23
323,facebook,browser,infreq,4f58ed3ff5bec642352803392d9bf860d500cacbcc3a6417c16e47fbaaf788dc,infreq,7.155396301896734,2018-08-19
324,facebook,browser,infreq,4f58ed3ff5bec642352803392d9bf860d500cacbcc3a6417c16e47fbaaf788dc,freq,7.065613363597717,2018-08-20
325,facebook,browser,infreq,4f58ed3ff5bec642352803392d9bf860d500cacbcc3a6417c16e47fbaaf788dc,freq,7.824046010856292,2018-08-21
326,facebook,browser,infreq,4f58ed3ff5bec642352803392d9bf860d500cacbcc3a6417c16e47fbaaf788dc,freq,7.409136443920128,2018-08-22
327,facebook,browser,infreq,4f58ed3ff5bec642352803392d9bf860d500cacbcc3a6417c16e47fbaaf788dc,freq,7.171656822768514,2018-08-23
328,facebook,browser,infreq,4f58ed3ff5bec642352803392d9bf860d500cacbcc3a6417c16e47fbaaf788dc,freq,7.693481640835175,2018-08-24
329,facebook,browser,infreq,4f58ed3ff5bec642352803392d9bf860d500cacbcc3a6417c16e47fbaaf788dc,freq,5.659482215759621,2018-08-25
330,twitter,browser,infreq,4f58ed3ff5bec642352803392d9bf860d500cacbcc3a6417c16e47fbaaf788dc,infreq,7.679713639966372,2018-08-19
331,twitter,browser,infreq,4f58ed3ff5bec642352803392d9bf860d500cacbcc3a6417c16e47fbaaf788dc,infreq,6.8690144506657065,2018-08-20
332,twitter,browser,infreq,4f58ed3ff5bec642352803392d9bf860d500cacbcc3a6417c16e47fbaaf788dc,infreq,7.741533589281828,2018-08-21
333,twitter,browser,infreq,4f58ed3ff5bec642352803392d9bf860d500cacbcc3a6417c16e47fbaaf788dc,infreq,6.695798917058491,2018-08-22
334,twitter,browser,infreq,4f58ed3ff5bec642352803392d9bf860d500cacbcc3a6417c16e47fbaaf788dc,infreq,5.7899601708972535,2018-08-23
335,twitter,browser,infreq,4f58ed3ff5bec642352803392d9bf860d500cacbcc3a6417c16e47fbaaf788dc,infreq,5.568344503761097,2018-08-24
336,twitter,browser,infreq,4f58ed3ff5bec642352803392d9bf860d500cacbcc3a6417c16e47fbaaf788dc,infreq,4.290459441148391,2018-08-25
337,amazon,browser,freq,4f58ed3ff5bec642352803392d9bf860d500cacbcc3a6417c16e47fbaaf788dc,infreq,1.3862943611198906,2018-08-19
338,amazon,browser,infreq,4f58ed3ff5bec642352803392d9bf860d500cacbcc3a6417c16e47fbaaf788dc,infreq,4.890349128221754,2018-08-21
339,amazon,browser,infreq,4f58ed3ff5bec642352803392d9bf860d500cacbcc3a6417c16e47fbaaf788dc,infreq,3.1354942159291497,2018-08-24
340,youtube,browser,freq,b4f0f35494014c3657274293ab359d2174a0202788fefe3f0c363cb0790d237b,freq,3.9512437185814275,2018-08-18
341,youtube,browser,freq,b4f0f35494014c3657274293ab359d2174a0202788fefe3f0c363cb0790d237b,freq,7.609862200913554,2018-08-19
342,facebook,browser,freq,41258e840c21575c6929ce1ab26cb851925b37cecf3695b246839a4800c186b1,freq,6.255750041753367,2018-08-20
343,facebook,browser,freq,41258e840c21575c6929ce1ab26cb851925b37cecf3695b246839a4800c186b1,freq,6.529418838262226,2018-08-21
344,facebook,browser,freq,41258e840c21575c6929ce1ab26cb851925b37cecf3695b246839a4800c186b1,freq,5.6131281063880705,2018-08-22
345,facebook,browser,freq,41258e840c21575c6929ce1ab26cb851925b37cecf3695b246839a4800c186b1,freq,6.142037405587356,2018-08-23
346,facebook,browser,freq,41258e840c21575c6929ce1ab26cb851925b37cecf3695b246839a4800c186b1,freq,7.261927092702751,2018-08-24
347,youtube,browser,infreq,63270a88cf70700dec1d014ba4096e62c19a92084b7180cb228e6b65c875c6d3,freq,6.78105762593618,2018-08-20
348,youtube,browser,infreq,63270a88cf70700dec1d014ba4096e62c19a92084b7180cb228e6b65c875c6d3,freq,6.139884552226255,2018-08-21
349,youtube,browser,infreq,63270a88cf70700dec1d014ba4096e62c19a92084b7180cb228e6b65c875c6d3,freq,7.899524472032198,2018-08-22
350,youtube,browser,infreq,63270a88cf70700dec1d014ba4096e62c19a92084b7180cb228e6b65c875c6d3,freq,6.532334292222349,2018-08-23
351,youtube,browser,infreq,63270a88cf70700dec1d014ba4096e62c19a92084b7180cb228e6b65c875c6d3,freq,7.560601162768557,2018-08-24
352,youtube,browser,infreq,63270a88cf70700dec1d014ba4096e62c19a92084b7180cb228e6b65c875c6d3,freq,6.70073110954781,2018-08-25
353,whatsapp,browser,infreq,63270a88cf70700dec1d014ba4096e62c19a92084b7180cb228e6b65c875c6d3,freq,6.2324480165505225,2018-08-20
354,whatsapp,browser,infreq,63270a88cf70700dec1d014ba4096e62c19a92084b7180cb228e6b65c875c6d3,freq,4.6443908991413725,2018-08-21
355,whatsapp,browser,infreq,63270a88cf70700dec1d014ba4096e62c19a92084b7180cb228e6b65c875c6d3,freq,6.946013991099227,2018-08-22
356,whatsapp,browser,infreq,63270a88cf70700dec1d014ba4096e62c19a92084b7180cb228e6b65c875c6d3,freq,6.893656354602635,2018-08-23
357,whatsapp,browser,infreq,63270a88cf70700dec1d014ba4096e62c19a92084b7180cb228e6b65c875c6d3,freq,6.502790045915623,2018-08-24
358,whatsapp,browser,infreq,63270a88cf70700dec1d014ba4096e62c19a92084b7180cb228e6b65c875c6d3,freq,3.6375861597263857,2018-08-25
359,telegram,browser,infreq,63270a88cf70700dec1d014ba4096e62c19a92084b7180cb228e6b65c875c6d3,freq,4.143134726391533,2018-08-21
360,telegram,browser,infreq,63270a88cf70700dec1d014ba4096e62c19a92084b7180cb228e6b65c875c6d3,freq,5.236441962829949,2018-08-22
361,telegram,browser,infreq,63270a88cf70700dec1d014ba4096e62c19a92084b7180cb228e6b65c875c6d3,freq,4.204692619390966,2018-08-23
362,telegram,browser,infreq,63270a88cf70700dec1d014ba4096e62c19a92084b7180cb228e6b65c875c6d3,freq,4.859812404361672,2018-08-24
363,pinterest,browser,infreq,6868df000fd32192aabc4c73e3d1618864833b0b08ed93b85804906365b47e25,freq,6.484635235635252,2018-08-21
364,pinterest,browser,infreq,6868df000fd32192aabc4c73e3d1618864833b0b08ed93b85804906365b47e25,freq,7.457609289715606,2018-08-23
365,pinterest,browser,infreq,6868df000fd32192aabc4c73e3d1618864833b0b08ed93b85804906365b47e25,freq,6.566672429803241,2018-08-24
366,youtube,browser,freq,53346479b764a506066cacd9145710acaabca2557bf930b62ff21bafbc9a6e6d,infreq,5.318119993844216,2018-08-21
367,youtube,browser,freq,53346479b764a506066cacd9145710acaabca2557bf930b62ff21bafbc9a6e6d,infreq,4.2626798770413155,2018-08-23
368,youtube,browser,freq,33fa087eb3dbd00e9f1b67538dff2c6cf8ffae7ef02cc990471b251043d9c63b,freq,7.017506142941256,2018-08-21
369,youtube,browser,freq,33fa087eb3dbd00e9f1b67538dff2c6cf8ffae7ef02cc990471b251043d9c63b,freq,8.315077007294104,2018-08-22
370,youtube,browser,freq,33fa087eb3dbd00e9f1b67538dff2c6cf8ffae7ef02cc990471b251043d9c63b,freq,7.621195162809845,2018-08-23
371,youtube,browser,freq,33fa087eb3dbd00e9f1b67538dff2c6cf8ffae7ef02cc990471b251043d9c63b,freq,8.728102205062104,2018-08-24
372,youtube,browser,freq,33fa087eb3dbd00e9f1b67538dff2c6cf8ffae7ef02cc990471b251043d9c63b,freq,8.409162447202533,2018-08-25
373,youtube,browser,freq,33fa087eb3dbd00e9f1b67538dff2c6cf8ffae7ef02cc990471b251043d9c63b,freq,8.368925174747135,2018-08-26
374,whatsapp,browser,freq,5cc7e291842468116ad019d3f74d427a2b2e5888976c04848d4e1db01055f91d,freq,5.198497031265826,2018-08-22
375,whatsapp,browser,freq,5cc7e291842468116ad019d3f74d427a2b2e5888976c04848d4e1db01055f91d,freq,7.888709524182015,2018-08-23
376,whatsapp,browser,freq,5cc7e291842468116ad019d3f74d427a2b2e5888976c04848d4e1db01055f91d,freq,7.104144092987527,2018-08-24
377,whatsapp,browser,freq,5cc7e291842468116ad019d3f74d427a2b2e5888976c04848d4e1db01055f91d,freq,7.304515946460155,2018-08-25
378,whatsapp,browser,freq,5cc7e291842468116ad019d3f74d427a2b2e5888976c04848d4e1db01055f91d,freq,5.0238805208462765,2018-08-26
379,youtube,browser,freq,27d59cd97a14b340351887ffcca3f3991dd7e660c042ad09ac7f307078c17348,freq,4.204692619390966,2018-08-21
380,youtube,browser,freq,27d59cd97a14b340351887ffcca3f3991dd7e660c042ad09ac7f307078c17348,freq,7.114769448366463,2018-08-23
381,youtube,browser,freq,27d59cd97a14b340351887ffcca3f3991dd7e660c042ad09ac7f307078c17348,freq,7.853216388156072,2018-08-24
382,youtube,browser,freq,27d59cd97a14b340351887ffcca3f3991dd7e660c042ad09ac7f307078c17348,freq,4.51085950651685,2018-08-25
383,facebook,browser,infreq,529b1023d7fc2b31dd0375bbce890e1b63a17a82a8644b0f984bf0a6dc52634c,freq,6.745236349484363,2018-08-22
384,youtube,browser,freq,529b1023d7fc2b31dd0375bbce890e1b63a17a82a8644b0f984bf0a6dc52634c,freq,7.121252453244542,2018-08-22
385,whatsapp,browser,infreq,c34fcd4001fe6db4c1d7046907d8b4f380f28046f195967f9fa320265207dfbc,infreq,6.5722825426940075,2018-08-22
386,whatsapp,browser,infreq,c34fcd4001fe6db4c1d7046907d8b4f380f28046f195967f9fa320265207dfbc,infreq,5.54907608489522,2018-08-24
387,whatsapp,browser,infreq,c34fcd4001fe6db4c1d7046907d8b4f380f28046f195967f9fa320265207dfbc,infreq,6.455198563340122,2018-08-25
388,instagram,browser,freq,c34fcd4001fe6db4c1d7046907d8b4f380f28046f195967f9fa320265207dfbc,infreq,2.1972245773362196,2018-08-23
389,instagram,browser,freq,c34fcd4001fe6db4c1d7046907d8b4f380f28046f195967f9fa320265207dfbc,infreq,1.3862943611198906,2018-08-24
390,instagram,browser,freq,c34fcd4001fe6db4c1d7046907d8b4f380f28046f195967f9fa320265207dfbc,infreq,2.995732273553991,2018-08-25
391,amazon,browser,freq,65c46cb63840a6c611051d27c6aa52a17421c0189140c95f41021c3bfab0bf28,freq,1.0986122886681098,2018-08-22
392,amazon,browser,freq,65c46cb63840a6c611051d27c6aa52a17421c0189140c95f41021c3bfab0bf28,freq,5.986452005284438,2018-08-23
393,facebook,browser,freq,65c46cb63840a6c611051d27c6aa52a17421c0189140c95f41021c3bfab0bf28,infreq,4.204692619390966,2018-08-22
394,facebook,browser,freq,65c46cb63840a6c611051d27c6aa52a17421c0189140c95f41021c3bfab0bf28,infreq,5.497168225293202,2018-08-23
395,youtube,browser,infreq,28a51e628da60bc0489ae6270de0893749d9fbb247e8608b0e0c7f613231451d,infreq,7.037905963447182,2018-08-24
396,youtube,browser,infreq,28a51e628da60bc0489ae6270de0893749d9fbb247e8608b0e0c7f613231451d,infreq,6.650279048587422,2018-08-25
397,yahoo,browser,infreq,5e4eec8ff32b70eb9ecd47d04db392416c4333371c4ca3b13e1d5458c6cf34ec,freq,5.796057750765372,2018-08-23
398,yahoo,browser,infreq,5e4eec8ff32b70eb9ecd47d04db392416c4333371c4ca3b13e1d5458c6cf34ec,freq,5.8944028342648505,2018-08-24
399,whatsapp,browser,freq,5e4eec8ff32b70eb9ecd47d04db392416c4333371c4ca3b13e1d5458c6cf34ec,freq,4.962844630259907,2018-08-23
400,whatsapp,browser,freq,5e4eec8ff32b70eb9ecd47d04db392416c4333371c4ca3b13e1d5458c6cf34ec,freq,3.970291913552122,2018-08-24
401,facebook,browser,freq,3a2794ba6956efb870864dfbddcf44bb33b240312e0a5ebd95f8b27b5c9aeac6,freq,6.07073772800249,2018-08-22
402,facebook,browser,freq,3a2794ba6956efb870864dfbddcf44bb33b240312e0a5ebd95f8b27b5c9aeac6,freq,7.050122520269059,2018-08-23
403,facebook,browser,freq,3a2794ba6956efb870864dfbddcf44bb33b240312e0a5ebd95f8b27b5c9aeac6,freq,6.777646593635117,2018-08-24
404,facebook,browser,freq,3a2794ba6956efb870864dfbddcf44bb33b240312e0a5ebd95f8b27b5c9aeac6,freq,6.744059186311348,2018-08-25
405,linkedin,browser,freq,3a2794ba6956efb870864dfbddcf44bb33b240312e0a5ebd95f8b27b5c9aeac6,infreq,4.990432586778736,2018-08-23
406,linkedin,browser,freq,3a2794ba6956efb870864dfbddcf44bb33b240312e0a5ebd95f8b27b5c9aeac6,infreq,4.23410650459726,2018-08-24
407,linkedin,browser,freq,3a2794ba6956efb870864dfbddcf44bb33b240312e0a5ebd95f8b27b5c9aeac6,infreq,2.6390573296152584,2018-08-25
408,facebook,browser,freq,5f049250dfc06a5b652aba34eeecbbad57dd6a25aa7f7d07d8e1336ed515f7d4,freq,7.044905117129371,2018-08-23
409,facebook,browser,freq,5f049250dfc06a5b652aba34eeecbbad57dd6a25aa7f7d07d8e1336ed515f7d4,freq,8.245909264774093,2018-08-24
410,facebook,browser,freq,5f049250dfc06a5b652aba34eeecbbad57dd6a25aa7f7d07d8e1336ed515f7d4,freq,7.5822291942764615,2018-08-25
411,netflix,browser,infreq,5f049250dfc06a5b652aba34eeecbbad57dd6a25aa7f7d07d8e1336ed515f7d4,infreq,1.791759469228055,2018-08-23
412,twitter,browser,freq,0b499f07b93ec4b3e4958f91406e3bae276f33ef9db024a6d664438a5dee38eb,freq,6.663132695990803,2018-08-23
413,facebook,browser,infreq,2cb5d05a75a587f52184c2f8d3ef9b18e02bec7fe76bf129a9178c6de73d833e,infreq,5.886104031450156,2018-08-23
414,facebook,browser,infreq,2cb5d05a75a587f52184c2f8d3ef9b18e02bec7fe76bf129a9178c6de73d833e,infreq,6.931471805599453,2018-08-24
415,facebook,browser,infreq,2cb5d05a75a587f52184c2f8d3ef9b18e02bec7fe76bf129a9178c6de73d833e,infreq,7.126087273299125,2018-08-25
416,facebook,browser,infreq,6b6806d15065c4dc9b067525255947e24fe36884697b5c4cdc831e641c3add2a,freq,4.812184355372417,2018-08-26
