,intensity,avg_freq_time,avg_infreq_time,num_browser_goals,target_time,browser_intensity,email_hash,total_time,goal_time,other_time
0,0.3333333333333333,6.452048954437226,3.7782139847201264,4,0.0,1.0,8b24da789d3a62d3ec752b2f6c9130c8b40e9a1192334a21a38d6fb55ac374ef,8.357024439263416,7.842671474979457,7.44600149832412
1,0.6666666666666666,3.020127355638707,4.0943445622221,4,0.0,1.0,8b24da789d3a62d3ec752b2f6c9130c8b40e9a1192334a21a38d6fb55ac374ef,9.078978053779355,6.173786103901937,9.022684613591526
2,0.6666666666666666,3.4773194324404937,1.6094379124341003,8,0.0,0.375,539415565b33813048d7234428a44584980fce57d21ebc622931fc04ff504fbe,8.471568013389962,6.959398512133975,8.222553638396958
3,0.6363636363636364,1.0879701531479762,1.8692596180799241,8,0.0,0.375,539415565b33813048d7234428a44584980fce57d21ebc622931fc04ff504fbe,10.872939832524516,8.241966560231802,10.79820729448214
4,0.6666666666666666,2.108126595812261,4.364213045852306,2,0.0,0.0,60f8b28fc59aaccb2741fcc0b1c632e82b2848a7dfd661ef9f5bd27e5690d9a0,10.023978030870751,9.284519770150434,9.375091807576673
5,0.5,3.840087820218295,3.8842666504630166,2,0.0,0.0,60f8b28fc59aaccb2741fcc0b1c632e82b2848a7dfd661ef9f5bd27e5690d9a0,9.54230245311951,8.41847721847708,9.149209371971951
6,0.5,2.4906440260817075,2.545584037478593,2,0.0,0.0,60f8b28fc59aaccb2741fcc0b1c632e82b2848a7dfd661ef9f5bd27e5690d9a0,9.727942980021197,8.25088114470065,9.46877384406884
7,0.5,2.623643198918381,2.8122834795779,2,0.0,0.0,60f8b28fc59aaccb2741fcc0b1c632e82b2848a7dfd661ef9f5bd27e5690d9a0,10.142465082152865,8.886547412512042,9.807251944655302
8,0.5,1.968874823111302,1.9866543908111183,2,0.0,0.0,60f8b28fc59aaccb2741fcc0b1c632e82b2848a7dfd661ef9f5bd27e5690d9a0,10.190356794730883,8.604837701268284,9.96114306502429
9,0.5714285714285714,1.5738165003599116,2.534133778555273,2,0.0,0.0,60f8b28fc59aaccb2741fcc0b1c632e82b2848a7dfd661ef9f5bd27e5690d9a0,9.165761328578215,7.841885928984623,8.856376036730422
10,0.6,2.286538301218067,3.321243400683628,2,0.0,0.0,60f8b28fc59aaccb2741fcc0b1c632e82b2848a7dfd661ef9f5bd27e5690d9a0,8.223627175805483,7.450079569807499,7.60489448081162
11,0.6,2.2550129922601805,4.110605046962535,2,0.0,0.5,60f8b28fc59aaccb2741fcc0b1c632e82b2848a7dfd661ef9f5bd27e5690d9a0,9.942900554892963,8.43076346341785,9.693877015504503
12,0.42857142857142855,2.5959322927270567,1.8335823375751341,2,0.0,0.5,60f8b28fc59aaccb2741fcc0b1c632e82b2848a7dfd661ef9f5bd27e5690d9a0,10.031616880246656,8.279697133877628,9.841133310789152
13,0.42857142857142855,2.455270945736491,2.1051705727588486,2,0.0,0.5,60f8b28fc59aaccb2741fcc0b1c632e82b2848a7dfd661ef9f5bd27e5690d9a0,10.19241884438834,8.71948076085107,9.932026417342549
14,0.3333333333333333,3.8421620338405775,1.8327650763046581,2,0.0,0.5,60f8b28fc59aaccb2741fcc0b1c632e82b2848a7dfd661ef9f5bd27e5690d9a0,9.998024706360116,8.216358332386156,9.813672248213765
15,0.4,3.575350728796263,2.9931808672417044,2,0.0,0.5,60f8b28fc59aaccb2741fcc0b1c632e82b2848a7dfd661ef9f5bd27e5690d9a0,10.812129103878668,9.128479345495862,10.606708818667547
16,0.42857142857142855,2.8358489381214773,2.247921681483706,2,0.0,0.5,60f8b28fc59aaccb2741fcc0b1c632e82b2848a7dfd661ef9f5bd27e5690d9a0,11.182280218419526,9.471781133222736,10.982883042277106
17,0.42857142857142855,2.6469799207759306,2.1068171209720625,2,0.0,0.5,60f8b28fc59aaccb2741fcc0b1c632e82b2848a7dfd661ef9f5bd27e5690d9a0,10.766187616237207,8.906528917594517,10.596909695290504
18,0.42857142857142855,2.7077537730405816,1.839548438183258,2,0.0,0.5,60f8b28fc59aaccb2741fcc0b1c632e82b2848a7dfd661ef9f5bd27e5690d9a0,11.0497941670669,8.50532301884575,10.968025860870487
19,0.5,1.1851160204964712,2.1279949060908376,2,0.0,0.5,60f8b28fc59aaccb2741fcc0b1c632e82b2848a7dfd661ef9f5bd27e5690d9a0,10.644615045614641,8.518991573357617,10.517510353630083
20,0.5,2.183358241603413,2.080720005442476,2,0.0,0.5,60f8b28fc59aaccb2741fcc0b1c632e82b2848a7dfd661ef9f5bd27e5690d9a0,10.736548837807,9.242226560838505,10.482429663876848
21,0.5,2.0523263285285185,2.652625786163271,2,0.0,0.5,60f8b28fc59aaccb2741fcc0b1c632e82b2848a7dfd661ef9f5bd27e5690d9a0,11.00602545920671,8.110727582974489,10.949156062709815
22,0.3333333333333333,3.640004126442094,2.048004228634219,2,0.0,0.5,60f8b28fc59aaccb2741fcc0b1c632e82b2848a7dfd661ef9f5bd27e5690d9a0,10.75263370378095,8.529714471969909,10.638016570874843
23,0.5,3.253638856192506,4.21831684177891,4,0.0,1.0,b5843eadda18a08ec20d16d92370cc304849efac4f201d820399339f6683a64c,11.376567223427713,8.572249397164315,11.314108605647077
24,0.5,3.9084099828822763,2.960789209821908,4,0.0,0.0,b5843eadda18a08ec20d16d92370cc304849efac4f201d820399339f6683a64c,11.339642932826944,7.956827122090111,11.305101467763851
25,0.5,3.976131654328523,2.858513850703111,4,0.0,0.0,b5843eadda18a08ec20d16d92370cc304849efac4f201d820399339f6683a64c,11.345819560782635,8.053887083618223,11.307928759137056
26,0.5,3.921532008346027,3.243842009242305,4,0.0,0.0,b5843eadda18a08ec20d16d92370cc304849efac4f201d820399339f6683a64c,11.197748858209055,8.07246736935477,11.152830393342503
27,0.6666666666666666,3.9954577315456627,5.159055299214529,4,0.0,0.0,b5843eadda18a08ec20d16d92370cc304849efac4f201d820399339f6683a64c,11.363520174617836,8.048149101665201,11.326523595009121
28,0.75,2.200862630729779,4.3694478524670215,3,0.0,0.3333333333333333,b1f987e748865b62770b324af13a2bd459841857d33764cb049402174051f486,7.075808863978387,6.704414354964107,5.905361848054571
29,0.8333333333333334,1.8518641988395608,7.029972911706386,3,0.0,0.3333333333333333,b1f987e748865b62770b324af13a2bd459841857d33764cb049402174051f486,9.84659969032908,9.3615151997733,8.89041055197428
30,0.8333333333333334,2.0195640043992436,8.190908881182514,3,0.0,0.3333333333333333,b1f987e748865b62770b324af13a2bd459841857d33764cb049402174051f486,10.565814635756187,10.23631028065218,9.295416544331301
31,0.8333333333333334,1.7377581569694431,7.8050670442584895,3,0.0,0.3333333333333333,b1f987e748865b62770b324af13a2bd459841857d33764cb049402174051f486,9.62172128051365,9.034676602846295,8.809862805379057
32,0.8333333333333334,1.679276114239898,7.635303886259415,3,0.0,0.3333333333333333,b1f987e748865b62770b324af13a2bd459841857d33764cb049402174051f486,9.63756697186586,8.77971129020447,9.085797036901582
33,0.8333333333333334,1.7941626682822895,7.613818684808629,2,0.0,0.5,b1f987e748865b62770b324af13a2bd459841857d33764cb049402174051f486,10.078364802440847,9.199885914072324,9.541512875502493
34,0.2,7.1276936993473985,1.9027131975988125,2,0.0,0.5,b1f987e748865b62770b324af13a2bd459841857d33764cb049402174051f486,9.054855469135788,8.09132127353041,8.574329382787047
35,0.16666666666666666,7.312553498102598,2.014696691927889,2,0.0,0.5,b1f987e748865b62770b324af13a2bd459841857d33764cb049402174051f486,10.302162996284876,10.13479766651673,8.432070937999402
36,0.2,6.3818160174060985,1.839069969137687,2,0.0,0.5,b1f987e748865b62770b324af13a2bd459841857d33764cb049402174051f486,8.537583881063972,7.676473646389156,7.988203597022576
37,0.16666666666666666,8.215276958936633,1.8680279619022055,2,0.0,0.5,b1f987e748865b62770b324af13a2bd459841857d33764cb049402174051f486,10.089635114163611,9.621323560768252,9.10597935665144
38,0.16666666666666666,8.445911989411274,1.7898210939078498,2,0.0,0.5,b1f987e748865b62770b324af13a2bd459841857d33764cb049402174051f486,9.8022297204619,9.42197798310419,8.651199471263972
39,0.16666666666666666,8.658866349732383,1.8313668208906084,2,0.0,0.5,b1f987e748865b62770b324af13a2bd459841857d33764cb049402174051f486,9.946355452763305,9.631678829240638,8.636929873018572
40,0.5,2.7287286647420275,1.5412726927866467,1,0.0,1.0,b1f987e748865b62770b324af13a2bd459841857d33764cb049402174051f486,9.862821795810113,9.544739031650487,8.562548893137034
41,0.3333333333333333,4.676917235807456,2.334221228325285,1,0.0,1.0,b1f987e748865b62770b324af13a2bd459841857d33764cb049402174051f486,10.807300762899171,10.038542783528992,10.184447079227082
42,0.3333333333333333,4.308519263192977,2.2995163352751424,1,0.0,1.0,b1f987e748865b62770b324af13a2bd459841857d33764cb049402174051f486,10.204221576482523,9.642317574624458,9.359966545931995
43,0.3333333333333333,4.60880692797134,2.3221954495706862,1,0.0,1.0,b1f987e748865b62770b324af13a2bd459841857d33764cb049402174051f486,10.485703172388792,9.946977983610656,9.609854474590907
44,0.3333333333333333,4.365102797765495,2.4716489212164774,1,0.0,1.0,b1f987e748865b62770b324af13a2bd459841857d33764cb049402174051f486,10.501664495504846,10.160143246382786,9.261413642160184
45,0.3333333333333333,4.403212031928934,2.2622199264623895,1,0.0,1.0,b1f987e748865b62770b324af13a2bd459841857d33764cb049402174051f486,10.709159523937918,9.62812922977318,10.294786120726714
46,0.3333333333333333,3.6368931589224474,2.503354402977081,1,0.0,1.0,b1f987e748865b62770b324af13a2bd459841857d33764cb049402174051f486,10.685126264117057,10.07601126684997,9.900232259815455
47,0.5,3.2451807205622267,1.7893791047776895,2,0.0,1.0,b1f987e748865b62770b324af13a2bd459841857d33764cb049402174051f486,10.985157120473925,10.110176465778377,10.44581184336149
48,0.3333333333333333,4.751989832451045,2.2559123206660714,2,0.0,1.0,b1f987e748865b62770b324af13a2bd459841857d33764cb049402174051f486,10.676969705748347,9.985528262872338,9.982113872991318
49,0.3333333333333333,4.652597951494431,2.2014187360096455,2,0.0,1.0,b1f987e748865b62770b324af13a2bd459841857d33764cb049402174051f486,10.294075881413862,9.77945377161268,9.383452989684827
50,0.3333333333333333,4.563859671643923,2.256544280075714,2,0.0,1.0,b1f987e748865b62770b324af13a2bd459841857d33764cb049402174051f486,10.523606946562516,9.771383711902791,9.886239659126575
51,0.16666666666666666,4.919980925828125,1.6857598081307283,3,0.0,1.0,06a2c3297825143fa91bf833964ec6119bccb3ccf7a049e19e51745450b40ef5,8.9001399880938,8.458292083496076,7.870547844507712
52,0.3333333333333333,3.0342127941220554,1.446724345341677,3,0.0,1.0,06a2c3297825143fa91bf833964ec6119bccb3ccf7a049e19e51745450b40ef5,8.277411998949004,6.630683385642372,8.063377822367027
53,0.6,1.4053451563332338,1.9338583381249221,3,0.0,1.0,06a2c3297825143fa91bf833964ec6119bccb3ccf7a049e19e51745450b40ef5,9.29081375612606,8.836373930927389,8.28349412616251
54,0.625,1.606796546936644,2.5759918473685195,3,0.0,1.0,06a2c3297825143fa91bf833964ec6119bccb3ccf7a049e19e51745450b40ef5,9.017968479328726,8.585785982881848,7.970740390007095
55,0.5,1.7304496844818202,1.7223187733675445,3,0.0,1.0,06a2c3297825143fa91bf833964ec6119bccb3ccf7a049e19e51745450b40ef5,9.863186255762603,9.325274910068282,8.98619632032839
56,0.4444444444444444,2.2257839082588844,1.6708877880229622,3,0.0,1.0,06a2c3297825143fa91bf833964ec6119bccb3ccf7a049e19e51745450b40ef5,9.729848196125007,9.359105145241294,8.557951183888406
57,0.5,1.7307290629103473,1.6562941715790334,3,0.0,0.6666666666666666,06a2c3297825143fa91bf833964ec6119bccb3ccf7a049e19e51745450b40ef5,9.82822506803558,9.177920480720072,9.090317329376452
58,0.5555555555555556,1.679546750275782,1.5039384808233078,3,0.0,0.6666666666666666,06a2c3297825143fa91bf833964ec6119bccb3ccf7a049e19e51745450b40ef5,9.269080866998783,8.74528448245438,8.371936178759098
59,0.5555555555555556,1.5082304910272617,1.5941817369746567,3,0.0,0.6666666666666666,06a2c3297825143fa91bf833964ec6119bccb3ccf7a049e19e51745450b40ef5,10.598258414212172,7.812782818577581,10.534573141833395
60,0.5,2.040129561869376,1.6791486933802444,3,0.0,0.6666666666666666,06a2c3297825143fa91bf833964ec6119bccb3ccf7a049e19e51745450b40ef5,9.215526898663482,8.372398606513004,8.65277248565806
61,0.5714285714285714,1.807821751081904,2.4278160762522103,3,0.0,0.6666666666666666,06a2c3297825143fa91bf833964ec6119bccb3ccf7a049e19e51745450b40ef5,10.664223285655282,7.950854857719988,10.595609207424333
62,0.5,1.884490664942052,1.9211959858806962,3,0.0,0.6666666666666666,06a2c3297825143fa91bf833964ec6119bccb3ccf7a049e19e51745450b40ef5,10.578776214794761,8.307212626628308,10.469908702802991
63,0.4444444444444444,2.1377053430990554,1.6822331573541416,3,0.0,0.6666666666666666,06a2c3297825143fa91bf833964ec6119bccb3ccf7a049e19e51745450b40ef5,10.848734963664587,9.176576741823373,10.640675541671662
64,0.5,2.0067875267081936,2.0451502368986123,2,0.0,0.5,06a2c3297825143fa91bf833964ec6119bccb3ccf7a049e19e51745450b40ef5,10.879310545111617,8.799963219506997,10.745765692323122
65,0.5714285714285714,2.1248591174567446,2.1832169140779367,2,0.0,0.5,06a2c3297825143fa91bf833964ec6119bccb3ccf7a049e19e51745450b40ef5,10.790390667515691,8.632484235750972,10.667582359470872
66,0.5,1.5152194681246223,1.5130550563797862,2,0.0,0.5,06a2c3297825143fa91bf833964ec6119bccb3ccf7a049e19e51745450b40ef5,10.844392845174202,8.263848131368906,10.765638838309634
67,0.42857142857142855,2.481221227705197,1.7443203354076868,2,0.0,0.5,06a2c3297825143fa91bf833964ec6119bccb3ccf7a049e19e51745450b40ef5,10.741232788688686,7.930565854233965,10.679181994063638
68,0.42857142857142855,2.718070898304743,1.7904055007347968,2,0.0,0.5,06a2c3297825143fa91bf833964ec6119bccb3ccf7a049e19e51745450b40ef5,10.713684166398705,8.469472455204826,10.601622274607113
69,0.8,2.280213301368662,1.794831687596363,2,0.0,0.5,b9db21b05b4b1ba9fcabba57072efd76ba0505ddbe1d4e0685175edb3f9be9b4,9.520688614926875,9.144414221860016,8.361007108226909
70,0.8333333333333334,1.8213290271274836,6.796823718274855,2,0.0,0.5,b9db21b05b4b1ba9fcabba57072efd76ba0505ddbe1d4e0685175edb3f9be9b4,9.949034367492098,9.201299627324033,9.307648554443182
71,0.75,2.241677880722281,0.6931471805599453,2,0.0,0.5,b9db21b05b4b1ba9fcabba57072efd76ba0505ddbe1d4e0685175edb3f9be9b4,9.120087382998621,6.727431724850855,9.024251728612985
72,0.6666666666666666,2.235386368810721,2.882595551392422,2,0.0,0.5,b9db21b05b4b1ba9fcabba57072efd76ba0505ddbe1d4e0685175edb3f9be9b4,9.68234200388459,8.982435503560263,8.995908761263994
73,0.6,2.788557461258332,2.202838557491432,2,0.0,1.0,b9db21b05b4b1ba9fcabba57072efd76ba0505ddbe1d4e0685175edb3f9be9b4,10.409883379222734,9.306286713023391,10.00690117422521
74,0.6,2.8788583161454393,4.074945272201211,2,0.0,1.0,b9db21b05b4b1ba9fcabba57072efd76ba0505ddbe1d4e0685175edb3f9be9b4,9.991177865663117,9.115699967822062,9.452187908084165
75,0.3333333333333333,3.5987176770482954,1.7681054751343428,2,0.0,1.0,b9db21b05b4b1ba9fcabba57072efd76ba0505ddbe1d4e0685175edb3f9be9b4,9.273127360074948,7.83002808253384,9.003685138166775
76,0.5,3.3410542987249046,3.6784591211780104,2,0.0,1.0,b9db21b05b4b1ba9fcabba57072efd76ba0505ddbe1d4e0685175edb3f9be9b4,9.32607687045878,7.768533300926033,9.089527751759436
77,0.6,2.7532389870071743,4.128952096732837,2,0.0,1.0,b9db21b05b4b1ba9fcabba57072efd76ba0505ddbe1d4e0685175edb3f9be9b4,10.78975197290331,8.951958168569265,10.61638833958291
78,0.5714285714285714,2.025722283660217,2.756756370478875,2,0.0,1.0,b9db21b05b4b1ba9fcabba57072efd76ba0505ddbe1d4e0685175edb3f9be9b4,10.476104176458326,8.883224230278994,10.248777937608223
79,0.5,2.1562426958974172,2.303707569312259,2,0.0,1.0,b9db21b05b4b1ba9fcabba57072efd76ba0505ddbe1d4e0685175edb3f9be9b4,10.905001396740687,9.655923226680237,10.567051430554399
80,1.0,1.6188146296138703,2.6675647207613125,2,0.0,0.5,b9db21b05b4b1ba9fcabba57072efd76ba0505ddbe1d4e0685175edb3f9be9b4,10.29981100272701,8.74257423767064,10.06317999126972
81,0.4,4.094899809364114,2.6069469599691146,2,0.0,0.5,b9db21b05b4b1ba9fcabba57072efd76ba0505ddbe1d4e0685175edb3f9be9b4,9.958165113826825,8.715388097366482,9.61767040669386
82,0.4,4.124264562400109,2.9131788075198926,2,0.0,0.5,b9db21b05b4b1ba9fcabba57072efd76ba0505ddbe1d4e0685175edb3f9be9b4,10.351660875132662,9.217018026729423,9.963735632881486
83,0.8,2.4394853534761975,4.04305126783455,2,0.0,0.5,b9db21b05b4b1ba9fcabba57072efd76ba0505ddbe1d4e0685175edb3f9be9b4,10.632508505332279,9.761232504955258,10.090506393131704
84,0.6,2.932012105066938,3.154959139113258,2,0.0,0.5,b9db21b05b4b1ba9fcabba57072efd76ba0505ddbe1d4e0685175edb3f9be9b4,10.911664427066091,8.875985891325971,10.771721850994593
85,0.6666666666666666,3.624962768358994,4.499809670330265,3,0.0,0.3333333333333333,7fafeff7e62af3e9607523e488760d70832acb568edea516b03178f0b0a5a310,8.207946941048617,7.311886164077165,7.683403681053826
86,0.4,3.519391770694271,3.377206215120459,3,0.0,0.3333333333333333,7fafeff7e62af3e9607523e488760d70832acb568edea516b03178f0b0a5a310,10.51341615434514,10.175992533388062,9.26302769425519
87,0.2,8.824677891164198,2.168463750357404,3,0.0,0.3333333333333333,7fafeff7e62af3e9607523e488760d70832acb568edea516b03178f0b0a5a310,10.213102334987457,9.445254378889308,9.589461504744746
88,0.4,4.266434835400623,3.4712743520709624,3,0.0,0.3333333333333333,7fafeff7e62af3e9607523e488760d70832acb568edea516b03178f0b0a5a310,10.98022907678602,10.555708566483428,9.918671687861169
89,0.3333333333333333,4.290459441148391,4.623046770841,3,0.0,0.3333333333333333,7fafeff7e62af3e9607523e488760d70832acb568edea516b03178f0b0a5a310,10.083932349317223,9.253112463820052,9.511777409660299
90,1.0,3.0621866144369263,3.4186664073427955,3,0.0,0.3333333333333333,7fafeff7e62af3e9607523e488760d70832acb568edea516b03178f0b0a5a310,10.150894355986017,9.27771860730613,9.61025678115393
91,1.0,2.833213344056216,7.136483208590247,3,0.0,1.0,7fafeff7e62af3e9607523e488760d70832acb568edea516b03178f0b0a5a310,10.478104543389605,7.149916836132109,10.441587818437
92,0.6666666666666666,3.869244061247323,3.7376696182833684,3,0.0,0.3333333333333333,fef3d10729f7d2a14acac218a13b26241c02a538445c51cc7a38b422ee040208,8.850230965588816,7.756623334538858,8.442254104751743
93,0.75,2.7882470227415204,4.77912349311153,3,0.0,0.3333333333333333,fef3d10729f7d2a14acac218a13b26241c02a538445c51cc7a38b422ee040208,9.52617248784431,8.392083380373393,9.137984709784043
94,0.5,6.558197802812269,7.675081857716334,3,0.0,0.3333333333333333,fef3d10729f7d2a14acac218a13b26241c02a538445c51cc7a38b422ee040208,8.616676469901188,7.958227192322312,7.88758403166028
95,0.5,5.420534999272286,6.839476438228843,3,0.0,0.3333333333333333,fef3d10729f7d2a14acac218a13b26241c02a538445c51cc7a38b422ee040208,8.550047528287184,7.05617528410041,8.295798110636145
96,0.5,0.0,7.745435610274381,3,0.0,0.3333333333333333,fef3d10729f7d2a14acac218a13b26241c02a538445c51cc7a38b422ee040208,8.889032571874742,7.7458682297922685,8.505120610181969
97,0.75,2.4294148003400413,5.3706380281276624,3,0.0,0.3333333333333333,fef3d10729f7d2a14acac218a13b26241c02a538445c51cc7a38b422ee040208,9.830217690608354,7.425357887027151,9.735601303538429
98,0.5,3.89967169910796,5.1628885005172975,3,0.0,0.3333333333333333,fef3d10729f7d2a14acac218a13b26241c02a538445c51cc7a38b422ee040208,10.737504756974277,10.402685840061139,9.480596490604585
99,0.6666666666666666,3.9850246524880677,4.584967478670572,3,0.0,0.3333333333333333,fef3d10729f7d2a14acac218a13b26241c02a538445c51cc7a38b422ee040208,10.413312675968536,8.003363058629947,10.319199977095842
100,0.6,2.6033156954922636,2.9978919289198944,3,0.0,1.0,fef3d10729f7d2a14acac218a13b26241c02a538445c51cc7a38b422ee040208,10.061559107106623,9.260748274520028,9.465602553171852
101,0.6,2.6770200600802063,2.7047749030517796,3,0.0,1.0,fef3d10729f7d2a14acac218a13b26241c02a538445c51cc7a38b422ee040208,10.919840790366809,8.766705997750515,10.796407298087043
102,0.75,2.8573533642856925,5.480638923341991,3,0.0,1.0,fef3d10729f7d2a14acac218a13b26241c02a538445c51cc7a38b422ee040208,10.256500800641868,8.6164953924901,10.040855326828934
103,0.5,4.035609269984931,4.065912392503598,3,0.0,1.0,fef3d10729f7d2a14acac218a13b26241c02a538445c51cc7a38b422ee040208,10.585978152907545,8.795127912413138,10.403474651121124
104,0.6666666666666666,3.7150570692809004,6.359573868672378,3,0.0,1.0,fef3d10729f7d2a14acac218a13b26241c02a538445c51cc7a38b422ee040208,10.735548489776468,7.724888439323074,10.685034728841586
105,0.3333333333333333,7.384610383176974,3.8338130457924953,3,0.0,0.3333333333333333,3634e025d10a81075ab191c56c166936de8e36d653fc596d7657ad81122004e9,8.678631537293768,8.229244416735913,7.6624678152002375
106,0.25,1.0986122886681098,2.5862535147192207,3,0.0,0.3333333333333333,3634e025d10a81075ab191c56c166936de8e36d653fc596d7657ad81122004e9,9.968479096043568,7.76004068088038,9.852088989450127
107,0.6666666666666666,3.8694618787197284,5.247024072160486,2,0.0,0.5,a231a65e4ebb669dd24ea5cbfe959b570a8cef7332077a40ab0e793039870475,9.189831495344642,7.818430272070656,8.897135342293316
108,0.5,2.5312975165134834,3.214052636342298,2,0.0,0.5,a231a65e4ebb669dd24ea5cbfe959b570a8cef7332077a40ab0e793039870475,8.70334075304372,6.655440350367647,8.56522116042682
109,0.5,2.5009127369182838,2.2580746287858715,2,0.0,0.5,a231a65e4ebb669dd24ea5cbfe959b570a8cef7332077a40ab0e793039870475,8.571491964823617,7.89655270164304,7.85979918056211
110,0.8,1.6054055669516294,1.5165270225259369,1,0.0,0.0,b10aafb657b901a90b938f894b47b94dfc36bf93048c5a7a263b1964eac571ae,11.05606705747418,6.952728644624869,11.039411682337978
111,0.8333333333333334,1.5446240184532662,5.886104031450156,1,0.0,0.0,b10aafb657b901a90b938f894b47b94dfc36bf93048c5a7a263b1964eac571ae,10.641177795846746,7.8709295967551425,10.57648304488522
112,0.6666666666666666,2.1525797923514305,2.3853423122328326,1,0.0,0.0,b10aafb657b901a90b938f894b47b94dfc36bf93048c5a7a263b1964eac571ae,10.789484011776683,8.631592731724734,10.666673723876048
113,0.8,2.1669200061725435,7.5740450053721995,1,0.0,0.0,b10aafb657b901a90b938f894b47b94dfc36bf93048c5a7a263b1964eac571ae,10.915252087191275,8.95660873889395,10.763207932921889
114,0.8,1.910030793173841,7.739794458408701,1,0.0,0.0,b10aafb657b901a90b938f894b47b94dfc36bf93048c5a7a263b1964eac571ae,11.23746177645632,8.384347278082808,11.178067924026017
115,0.6666666666666666,1.9650462643680413,3.4376160436382883,1,0.0,0.0,b10aafb657b901a90b938f894b47b94dfc36bf93048c5a7a263b1964eac571ae,10.863316586424766,8.177515823846075,10.792715364860594
116,0.75,2.0258807477830114,3.712082640521014,1,0.0,1.0,b10aafb657b901a90b938f894b47b94dfc36bf93048c5a7a263b1964eac571ae,10.935746340654216,7.655390644826152,10.897405770089572
117,0.6,2.6299445837980984,2.8715015939047412,1,0.0,1.0,b10aafb657b901a90b938f894b47b94dfc36bf93048c5a7a263b1964eac571ae,11.03606639076751,8.000349495324684,10.986833907533804
118,0.6666666666666666,2.452637389219215,6.55250788703459,1,0.0,1.0,b10aafb657b901a90b938f894b47b94dfc36bf93048c5a7a263b1964eac571ae,9.614337736809313,6.728628613084702,9.556904372164187
119,1.0,2.3978952727983707,2.2499048351651325,1,0.0,0.0,b10aafb657b901a90b938f894b47b94dfc36bf93048c5a7a263b1964eac571ae,9.847128818866743,5.351858133476067,9.835904401212332
120,0.3333333333333333,2.302585092994046,1.5311708477235513,1,2.5649493574615367,0.0,b10aafb657b901a90b938f894b47b94dfc36bf93048c5a7a263b1964eac571ae,9.62264867856634,6.322565239927284,9.58417720462617
121,0.5,2.530452348899517,2.2689431201307255,1,7.001245622069476,0.0,b10aafb657b901a90b938f894b47b94dfc36bf93048c5a7a263b1964eac571ae,9.929545086855418,7.9672801789422,9.713839220355712
122,0.5,3.3033250930991076,3.149474623427971,1,4.143134726391533,0.0,b10aafb657b901a90b938f894b47b94dfc36bf93048c5a7a263b1964eac571ae,9.48288342558516,7.157735484249907,9.374667665397858
123,0.5,2.6648774371439417,2.305571673451203,1,4.3694478524670215,0.0,b10aafb657b901a90b938f894b47b94dfc36bf93048c5a7a263b1964eac571ae,9.793281985215103,8.287528423111763,9.536762272743895
124,0.75,2.520893748907295,2.144313364246393,8,0.0,0.5,df51b7d092c57dd2ef29336030ecd996f74f7e86c94b53c5bce86c318154d229,9.220191688026556,7.842671474979457,8.929567707825337
125,0.4,4.096008457268438,1.9648009447549502,8,0.0,0.5,df51b7d092c57dd2ef29336030ecd996f74f7e86c94b53c5bce86c318154d229,8.666991556504632,8.287780027088433,7.513709247839705
126,0.4,3.778736450807373,2.158477572234697,8,0.0,0.5,df51b7d092c57dd2ef29336030ecd996f74f7e86c94b53c5bce86c318154d229,9.236787541991031,7.849323818040561,8.949494953477961
127,0.2857142857142857,3.745543796767438,1.4086319831976681,8,0.0,0.5,df51b7d092c57dd2ef29336030ecd996f74f7e86c94b53c5bce86c318154d229,8.933400396056303,7.98514393119862,8.443331342817782
128,0.3333333333333333,6.338594078203183,3.154959139113258,8,0.0,0.5,df51b7d092c57dd2ef29336030ecd996f74f7e86c94b53c5bce86c318154d229,8.88599431515281,7.017506142941256,8.71833650245078
129,0.3333333333333333,6.6895992691789665,2.6287476860138907,8,0.0,0.5,df51b7d092c57dd2ef29336030ecd996f74f7e86c94b53c5bce86c318154d229,9.096835671179361,6.903747257584598,8.97853441008332
130,0.3333333333333333,4.912654885736052,2.001295689035513,8,0.0,0.5,df51b7d092c57dd2ef29336030ecd996f74f7e86c94b53c5bce86c318154d229,8.647168267837984,6.293419278846481,8.547334348328224
131,0.3333333333333333,6.320768294250582,3.399527931029398,8,0.0,0.5,df51b7d092c57dd2ef29336030ecd996f74f7e86c94b53c5bce86c318154d229,8.726805608446096,7.2813856635702825,8.45807992692373
132,0.3333333333333333,5.648974238161206,2.7546941683139887,8,0.0,0.5,df51b7d092c57dd2ef29336030ecd996f74f7e86c94b53c5bce86c318154d229,9.121836973384779,6.274762021241939,9.06207235530708
133,0.3333333333333333,5.950642552587727,3.041109455188223,8,0.0,0.5,df51b7d092c57dd2ef29336030ecd996f74f7e86c94b53c5bce86c318154d229,9.45930760329985,6.71174039505618,9.393078508655353
134,0.5,3.5475321886435656,3.316000888697815,8,0.0,0.5,df51b7d092c57dd2ef29336030ecd996f74f7e86c94b53c5bce86c318154d229,9.122164681072457,7.583247524303362,8.880585523102495
135,0.5,5.303304908059076,4.90527477843843,8,0.0,0.5,df51b7d092c57dd2ef29336030ecd996f74f7e86c94b53c5bce86c318154d229,8.622633703874234,5.817111159963204,8.560252680876685
136,0.3333333333333333,5.393627546352362,2.820953535469057,8,0.0,0.5,df51b7d092c57dd2ef29336030ecd996f74f7e86c94b53c5bce86c318154d229,7.808729306744399,6.218600119691729,7.580699752224563
137,0.6666666666666666,3.159484056873217,1.9554893523110988,8,0.0,0.875,df51b7d092c57dd2ef29336030ecd996f74f7e86c94b53c5bce86c318154d229,9.311813340906816,6.811244378601294,9.226213721132472
138,0.75,2.1087164910516996,6.173786103901937,8,0.0,0.875,df51b7d092c57dd2ef29336030ecd996f74f7e86c94b53c5bce86c318154d229,8.992184362173012,6.946013991099227,8.853808274977197
139,0.5,5.755742213586912,6.732210706467206,8,0.0,0.875,df51b7d092c57dd2ef29336030ecd996f74f7e86c94b53c5bce86c318154d229,8.970050661827003,7.051855622955894,8.811205187562887
140,0.6666666666666666,2.898028875382686,5.365976015021851,8,0.0,0.875,df51b7d092c57dd2ef29336030ecd996f74f7e86c94b53c5bce86c318154d229,10.16612101153675,6.297109319933935,10.145020968961928
141,0.5,3.3714403178959516,3.3625168210834215,3,0.0,0.6666666666666666,79af72f3aaf5edf25f4b2b9a582e0ed730fe2169dfe92c7559f7f9186bc3119e,9.232101863757695,7.427144133408616,9.052399183907607
142,0.25,7.362010551259734,2.2652352583911712,3,0.0,0.6666666666666666,79af72f3aaf5edf25f4b2b9a582e0ed730fe2169dfe92c7559f7f9186bc3119e,10.059080049588058,7.81156848934518,9.947408739594056
143,0.5,2.0794415416798357,4.430816798843313,3,0.0,0.6666666666666666,79af72f3aaf5edf25f4b2b9a582e0ed730fe2169dfe92c7559f7f9186bc3119e,9.19207456316929,4.5217885770490405,9.18266080286944
144,0.5,3.9832933488192013,3.38539471195449,3,0.0,0.6666666666666666,79af72f3aaf5edf25f4b2b9a582e0ed730fe2169dfe92c7559f7f9186bc3119e,9.945492846681159,8.230843564198235,9.74700916569969
145,0.6,2.7122702878918457,3.276253943517295,3,0.0,0.6666666666666666,79af72f3aaf5edf25f4b2b9a582e0ed730fe2169dfe92c7559f7f9186bc3119e,9.676900579444158,8.323365694436081,9.378055776380775
146,0.6666666666666666,1.9235982006573553,2.635270104219644,3,0.0,0.6666666666666666,79af72f3aaf5edf25f4b2b9a582e0ed730fe2169dfe92c7559f7f9186bc3119e,10.144824594042303,8.498825534058053,9.930616219924381
147,0.8,1.6791486933802444,7.31986492980897,3,0.0,0.6666666666666666,79af72f3aaf5edf25f4b2b9a582e0ed730fe2169dfe92c7559f7f9186bc3119e,9.882366055914016,7.756195343948118,9.75533551151227
148,0.6,2.5996444366804057,3.9961343216353726,3,0.0,0.6666666666666666,79af72f3aaf5edf25f4b2b9a582e0ed730fe2169dfe92c7559f7f9186bc3119e,9.771840098470129,8.593413217327646,9.404013917106361
149,0.3333333333333333,0.0,4.135902015577354,4,0.0,0.5,7480455dfed0089bd35d83c18ea62825133867f4557965f7a72fbc1b3419ffd4,9.790150867197125,8.272059622210412,9.542804587199857
150,0.3333333333333333,7.313886831633462,4.1190041246092015,4,0.0,0.5,7480455dfed0089bd35d83c18ea62825133867f4557965f7a72fbc1b3419ffd4,9.90193635004339,8.572249397164315,9.594649938011555
151,0.25,6.728628613084702,2.7326046774070676,4,0.0,0.5,7480455dfed0089bd35d83c18ea62825133867f4557965f7a72fbc1b3419ffd4,10.241244677620216,8.404919948933452,10.067602707388096
152,0.4,3.846968662754636,2.752807487486292,4,0.0,0.5,7480455dfed0089bd35d83c18ea62825133867f4557965f7a72fbc1b3419ffd4,9.539068413863964,8.708639655987193,8.966611387052865
153,0.42857142857142855,3.0243817109327793,2.2272412430980997,4,0.0,0.5,7480455dfed0089bd35d83c18ea62825133867f4557965f7a72fbc1b3419ffd4,10.010771217755803,9.687567846311238,8.724044745953469
154,0.5,2.5499332139120994,3.4891068713153492,4,0.0,0.25,7480455dfed0089bd35d83c18ea62825133867f4557965f7a72fbc1b3419ffd4,8.182279739259018,7.1204443723924875,7.757906208351747
155,0.2,3.970291913552122,2.3562419408805133,4,0.0,0.25,7480455dfed0089bd35d83c18ea62825133867f4557965f7a72fbc1b3419ffd4,9.816403445629014,9.429234909000977,8.680162019694377
156,0.5,1.7419155579044006,2.174030932723384,3,0.0,0.3333333333333333,dca7176c2160640b98afdf855ad996744f5068d038e29ffbae20e8121cca915e,7.583756300707112,6.763884908562435,7.003065458786462
157,0.5,3.6127407363911472,3.372029593155674,3,0.0,0.3333333333333333,dca7176c2160640b98afdf855ad996744f5068d038e29ffbae20e8121cca915e,7.895063498091573,7.706612913964197,6.133398042996649
158,0.625,1.541592306367098,2.364191238658226,3,0.0,0.3333333333333333,dca7176c2160640b98afdf855ad996744f5068d038e29ffbae20e8121cca915e,9.11943049661634,8.14002395246292,8.648572269472618
159,0.6,1.4966953676208348,1.949528157207447,3,0.0,0.3333333333333333,dca7176c2160640b98afdf855ad996744f5068d038e29ffbae20e8121cca915e,10.074368919187528,9.24763615671988,9.499046919474152
160,0.625,1.5324935630400476,2.3266919801872543,3,0.0,0.3333333333333333,dca7176c2160640b98afdf855ad996744f5068d038e29ffbae20e8121cca915e,9.036463061964891,8.07153089355666,8.556798446008598
161,0.6,1.524353633274922,1.9907780147448224,3,0.0,0.3333333333333333,dca7176c2160640b98afdf855ad996744f5068d038e29ffbae20e8121cca915e,10.135194334510826,9.41336284529417,9.469931564261438
162,0.75,1.556982468619414,2.496656966278267,3,0.0,0.6666666666666666,dca7176c2160640b98afdf855ad996744f5068d038e29ffbae20e8121cca915e,10.068535780659627,9.487669032348473,9.248887781588422
163,0.7142857142857143,1.7213702126693544,3.5800346037980635,3,0.0,0.6666666666666666,dca7176c2160640b98afdf855ad996744f5068d038e29ffbae20e8121cca915e,9.884559542650608,8.81818627792769,9.462576597493666
164,0.7777777777777778,1.301471288256565,3.0920744454687417,3,0.0,0.6666666666666666,dca7176c2160640b98afdf855ad996744f5068d038e29ffbae20e8121cca915e,10.02300242103727,9.162514742493578,9.473166068429098
165,0.7777777777777778,1.2632085748850415,3.119162312519754,3,0.0,0.6666666666666666,dca7176c2160640b98afdf855ad996744f5068d038e29ffbae20e8121cca915e,9.722445177240553,8.913819350857198,9.132811169466946
166,0.7777777777777778,1.4838165498728593,3.8559982535238344,3,0.0,0.6666666666666666,dca7176c2160640b98afdf855ad996744f5068d038e29ffbae20e8121cca915e,10.7295909603447,10.453370414555645,9.308102089758679
167,0.7142857142857143,1.7854893632512396,2.70805020110221,3,2.772588722239781,0.6666666666666666,dca7176c2160640b98afdf855ad996744f5068d038e29ffbae20e8121cca915e,10.159446732791961,8.95686647085414,9.801288700215881
168,0.7777777777777778,1.32053930686606,3.038821121674517,3,4.1588830833596715,0.6666666666666666,dca7176c2160640b98afdf855ad996744f5068d038e29ffbae20e8121cca915e,10.386160584882527,9.2850767180902,9.978966013712034
169,1.0,0.9494240301132504,2.869896456089617,3,5.493061443340548,0.6666666666666666,dca7176c2160640b98afdf855ad996744f5068d038e29ffbae20e8121cca915e,10.498966775917914,9.517383797906584,10.018644921923576
170,0.5,2.6759290667380333,1.683647914993237,8,0.0,0.75,a831d0dd487eee54f5dd90d8b05a06aa46b487cbc91aa72b3fed08a99d94abc5,10.060619498256424,5.480638923341991,10.050311456976926
171,0.5,1.0986122886681098,5.1298987149230735,8,0.0,0.75,a831d0dd487eee54f5dd90d8b05a06aa46b487cbc91aa72b3fed08a99d94abc5,9.20391980417326,5.147494476813453,9.186457431512851
172,0.5714285714285714,1.9657205086603726,2.2269515595967384,2,0.0,0.5,9c275adc3b358bd0fa91b7bb25663d76d7d701398dde6652ae53cfd698926599,8.471777327885755,8.130353547431238,7.231287004327616
173,0.375,2.688421736299244,1.5397872399626895,2,0.0,0.5,9c275adc3b358bd0fa91b7bb25663d76d7d701398dde6652ae53cfd698926599,9.86998247397873,8.591929537530255,9.543449817892206
174,0.42857142857142855,2.637230173569446,1.8922239158517489,2,0.0,0.5,9c275adc3b358bd0fa91b7bb25663d76d7d701398dde6652ae53cfd698926599,10.139270884196774,8.448057452581375,9.93556744599954
175,0.5,2.604799877934829,2.287585971017134,2,0.0,0.5,9c275adc3b358bd0fa91b7bb25663d76d7d701398dde6652ae53cfd698926599,9.912496846693715,8.140898460607852,9.72609383397847
176,0.3333333333333333,4.007498447174151,1.655018301632589,2,0.0,0.5,9c275adc3b358bd0fa91b7bb25663d76d7d701398dde6652ae53cfd698926599,10.192119174023498,8.236420527265391,10.039590635528468
177,0.8333333333333334,1.6547693865569015,2.161035783819066,2,0.0,0.5,9c275adc3b358bd0fa91b7bb25663d76d7d701398dde6652ae53cfd698926599,9.667765219015058,8.428143374582726,9.325987795502144
178,0.5,3.2917046110793824,3.4763643223124343,2,0.0,0.5,9c275adc3b358bd0fa91b7bb25663d76d7d701398dde6652ae53cfd698926599,9.496871782670567,7.478169694159785,9.354354132115088
179,0.6666666666666666,3.2212700832340992,5.0106352940962555,2,0.0,0.5,9c275adc3b358bd0fa91b7bb25663d76d7d701398dde6652ae53cfd698926599,9.57073837671504,6.656726524178391,9.514953305087944
180,0.6666666666666666,1.8262970538482592,3.9350829732349224,2,5.662960480135946,0.5,9c275adc3b358bd0fa91b7bb25663d76d7d701398dde6652ae53cfd698926599,9.75475549873573,8.32020459757888,9.460476328353995
181,0.75,2.4031134188676364,5.598421958998375,2,6.324358962381311,0.5,9c275adc3b358bd0fa91b7bb25663d76d7d701398dde6652ae53cfd698926599,9.845275642787714,7.3914152346753585,9.722505098743403
182,0.75,2.6460295756323173,7.758760544157663,2,6.2878585601617845,0.5,9c275adc3b358bd0fa91b7bb25663d76d7d701398dde6652ae53cfd698926599,9.991315262901649,8.545586265917455,9.689922976002242
183,0.6666666666666666,1.8439705370537531,3.2384861814448413,2,0.0,0.5,9c275adc3b358bd0fa91b7bb25663d76d7d701398dde6652ae53cfd698926599,9.88969284151394,7.717351272185329,9.768755439335086
184,0.7142857142857143,1.4170128587905095,2.6090803005842704,2,2.4849066497880004,0.5,9c275adc3b358bd0fa91b7bb25663d76d7d701398dde6652ae53cfd698926599,10.503696737436805,8.216628493133443,10.396230668751352
185,0.6666666666666666,3.3825194883902707,6.380122536899765,2,4.060443010546419,0.5,9c275adc3b358bd0fa91b7bb25663d76d7d701398dde6652ae53cfd698926599,11.089637468588725,7.284134806195205,11.066232029799922
186,0.5,3.099239358246154,3.740214153037104,2,2.995732273553991,0.5,9c275adc3b358bd0fa91b7bb25663d76d7d701398dde6652ae53cfd698926599,11.177144989027417,7.725330037917135,11.144654980419777
187,0.3333333333333333,3.295836866004329,3.6713895946659227,2,6.028278520230698,0.5,9c275adc3b358bd0fa91b7bb25663d76d7d701398dde6652ae53cfd698926599,10.910039375355025,7.360103972989152,10.873053613269144
188,0.75,1.9320192502551239,4.709530201312334,2,6.19644412779452,0.5,9c275adc3b358bd0fa91b7bb25663d76d7d701398dde6652ae53cfd698926599,10.832339066455141,6.0867747269123065,10.813780332606648
189,0.6666666666666666,2.9188652235829697,3.2188758248682006,5,0.0,0.6,d0e5a7cae63c11d6ed2bddf976c1b369f1b2f13e07117ba4ac457a52959654d2,8.735364401103888,5.908082938168931,8.674367865788236
190,0.5,3.6723595270748364,2.8746964929541265,5,0.0,0.2,d0e5a7cae63c11d6ed2bddf976c1b369f1b2f13e07117ba4ac457a52959654d2,8.750683034784592,7.529406457837013,8.401333305321703
191,0.6,2.991370527037773,3.0422497065375858,3,0.0,0.0,fe50ec2aa4f26793671c4e770b773d26bc8aedb7db971522c0a9997b42cd194b,9.276970454273945,9.028218795184895,7.763871287820222
192,0.5,6.4425401664681985,4.1588830833596715,3,0.0,0.6666666666666666,fe50ec2aa4f26793671c4e770b773d26bc8aedb7db971522c0a9997b42cd194b,7.05444965813294,6.539585955617669,6.144185634125646
193,0.5,8.424419791263883,8.61286694148452,3,2.1972245773362196,0.6666666666666666,fe50ec2aa4f26793671c4e770b773d26bc8aedb7db971522c0a9997b42cd194b,9.318207742845189,9.216223035134337,6.976348070447749
194,0.3333333333333333,7.450079569807499,4.286219332821108,2,0.0,0.5,18d766e7790cdce76a31ba18acba779a6d24d95c2e384e1932305a701e257af5,9.402694764470512,8.854236693405742,8.540323608805092
195,0.5,4.727387818712341,3.863767555237724,2,0.0,0.5,18d766e7790cdce76a31ba18acba779a6d24d95c2e384e1932305a701e257af5,8.239329427901795,7.776115477098742,7.247080584585756
196,0.5,3.8096167081134027,4.1190041246092015,2,0.0,0.5,18d766e7790cdce76a31ba18acba779a6d24d95c2e384e1932305a701e257af5,8.95040315983296,8.66888370465667,7.545389749611823
197,0.5,3.6109179126442243,4.795790545596741,2,0.0,0.5,18d766e7790cdce76a31ba18acba779a6d24d95c2e384e1932305a701e257af5,9.229162126216771,5.062595033026967,9.213535262872702
198,1.0,5.8888779583328805,5.662960480135946,2,0.0,0.5,18d766e7790cdce76a31ba18acba779a6d24d95c2e384e1932305a701e257af5,7.329093736246592,6.47543271670409,6.774223886357614
199,0.3333333333333333,3.784189633918261,2.5936929029203775,2,0.0,0.5,18d766e7790cdce76a31ba18acba779a6d24d95c2e384e1932305a701e257af5,7.845024417241484,5.407171771460119,7.753623546559746
200,0.2,8.102889134640868,1.5397738471229832,2,0.0,0.5,18d766e7790cdce76a31ba18acba779a6d24d95c2e384e1932305a701e257af5,10.349582636730188,8.236685322712457,10.220740563078143
201,0.3333333333333333,6.186208623900494,2.3456739411145717,2,0.0,0.5,18d766e7790cdce76a31ba18acba779a6d24d95c2e384e1932305a701e257af5,8.347590407030058,6.38856140554563,8.195609567288775
202,0.25,1.3862943611198906,1.1446624014950488,4,0.0,0.5,bb54adf6969a48d984eaba287c8de2536ce1b62bae5c4a6f4104834a07ce5514,5.60947179518496,3.5553480614894135,5.472270673671475
203,0.5,7.616283561580385,2.24431818486607,1,0.0,0.0,735fc385e38dd2166db9fdabff905b4a985c5ebc496708618fe3548dbafd2f8e,8.176110342237342,7.659171367666058,7.268920128193722
204,0.6,3.1919156942794538,4.86023287531389,1,0.0,0.0,735fc385e38dd2166db9fdabff905b4a985c5ebc496708618fe3548dbafd2f8e,10.460929550930699,10.343869252547853,8.257904193465674
205,0.75,2.9689784463530553,1.0986122886681098,1,0.0,0.0,735fc385e38dd2166db9fdabff905b4a985c5ebc496708618fe3548dbafd2f8e,9.904586947979428,8.90734159541251,9.444305161921976
206,0.75,3.101185817895772,0.0,1,0.0,0.0,735fc385e38dd2166db9fdabff905b4a985c5ebc496708618fe3548dbafd2f8e,9.918228370857626,9.303648549109834,9.139810605785655
207,1.0,3.0977059328112504,0.6931471805599453,1,0.0,1.0,735fc385e38dd2166db9fdabff905b4a985c5ebc496708618fe3548dbafd2f8e,9.753652546776472,9.29330189269053,8.756525002926972
208,0.5,4.243057617922688,3.9819039766157256,1,4.30406509320417,1.0,735fc385e38dd2166db9fdabff905b4a985c5ebc496708618fe3548dbafd2f8e,9.815311861632402,8.951828676824181,9.260653185849772
209,0.5,4.613303672220027,3.5516610312630563,1,6.98100574072173,1.0,735fc385e38dd2166db9fdabff905b4a985c5ebc496708618fe3548dbafd2f8e,10.953924487999807,9.339612707680322,10.708220829548091
210,0.25,5.683579767338681,2.643282143247501,1,0.0,0.0,735fc385e38dd2166db9fdabff905b4a985c5ebc496708618fe3548dbafd2f8e,8.889721799278137,8.030409562130485,8.339023005744759
211,0.5,2.6566029895208936,2.5514810754900377,1,0.0,1.0,735fc385e38dd2166db9fdabff905b4a985c5ebc496708618fe3548dbafd2f8e,8.881419551507804,7.746300662231439,8.493719835230594
212,0.25,6.338594078203183,1.799387567172584,1,0.0,1.0,735fc385e38dd2166db9fdabff905b4a985c5ebc496708618fe3548dbafd2f8e,10.091086824325448,6.668228248417403,10.057923905840546
213,0.3333333333333333,5.2832037287379885,2.8173948015846246,1,0.0,1.0,735fc385e38dd2166db9fdabff905b4a985c5ebc496708618fe3548dbafd2f8e,9.215626376405421,6.1675164908883415,9.16701524723781
214,0.25,4.30406509320417,2.3702320409929425,1,0.0,1.0,735fc385e38dd2166db9fdabff905b4a985c5ebc496708618fe3548dbafd2f8e,9.323936878558722,7.1693500166706,9.200693994924377
215,0.5,2.3978952727983707,4.465908118654584,1,0.0,1.0,735fc385e38dd2166db9fdabff905b4a985c5ebc496708618fe3548dbafd2f8e,11.187001400261579,4.584967478670572,11.185642873914873
216,0.5,3.243842009242305,4.12190421183264,2,0.0,1.0,5020af425bb84dc614b9df4e0ccf54be14d4429ee9d219d8f9c9b494179db39b,9.248117736310213,8.403128235128264,8.68676717538769
217,0.6,2.0235792426674966,3.901921651769386,2,0.0,1.0,5020af425bb84dc614b9df4e0ccf54be14d4429ee9d219d8f9c9b494179db39b,9.14120463314132,7.9665866976384025,8.771680359010377
218,0.6,2.1146268113754436,3.980510732941685,2,0.0,1.0,5020af425bb84dc614b9df4e0ccf54be14d4429ee9d219d8f9c9b494179db39b,9.37007543009734,8.142063283104147,9.023528749909364
219,0.5,2.981789671809223,3.2322941518449806,8,0.0,0.625,28f01427b06a8bf6565afb5bd6a03e1b69e84e91104fa0ae4af8ea4bc0ead9d2,8.216358332386156,6.93828448401696,7.8898337513942955
220,0.375,2.217621009784449,1.8606568235237841,8,0.0,0.625,28f01427b06a8bf6565afb5bd6a03e1b69e84e91104fa0ae4af8ea4bc0ead9d2,10.09220527683532,9.371523409567573,9.425854896125902
221,0.4,3.2228599096927892,2.606545434122531,8,0.0,0.625,28f01427b06a8bf6565afb5bd6a03e1b69e84e91104fa0ae4af8ea4bc0ead9d2,9.698552220870587,8.045267716607803,9.486076373409563
222,0.6,2.9357242076389007,3.7729590756046614,8,0.0,0.625,28f01427b06a8bf6565afb5bd6a03e1b69e84e91104fa0ae4af8ea4bc0ead9d2,9.964535614101061,9.056606272034141,9.448096635658239
223,0.3333333333333333,3.614194225786802,2.153625343470809,8,0.0,0.625,28f01427b06a8bf6565afb5bd6a03e1b69e84e91104fa0ae4af8ea4bc0ead9d2,10.230486487364859,8.837681215593197,9.944965331982438
224,0.6666666666666666,3.39166260030198,7.138073034044347,8,0.0,0.5,28f01427b06a8bf6565afb5bd6a03e1b69e84e91104fa0ae4af8ea4bc0ead9d2,10.033901591258061,7.669495251007694,9.935179999268618
225,0.5,3.154959139113258,3.7247490026914245,8,0.0,0.5,28f01427b06a8bf6565afb5bd6a03e1b69e84e91104fa0ae4af8ea4bc0ead9d2,10.187500401613525,7.727094484779841,10.09823162932864
226,0.5,2.4849066497880004,3.7472151075157827,8,0.0,0.5,28f01427b06a8bf6565afb5bd6a03e1b69e84e91104fa0ae4af8ea4bc0ead9d2,9.824498456285756,7.571473648851271,9.713476507257793
227,0.5,2.492346157439899,2.4473772435282406,6,0.0,0.5,de0dd7052a011dc3bcc707915f634f83f12ad8bea77c3c22fa4a93e60ca8cc27,9.653165488841426,8.105005537547246,9.414097209490203
228,0.42857142857142855,2.518111607908583,1.7657620408470431,6,0.0,0.5,de0dd7052a011dc3bcc707915f634f83f12ad8bea77c3c22fa4a93e60ca8cc27,10.011130461551485,8.031710375322042,9.862457202978137
229,0.3333333333333333,3.7976936394269862,2.008819727786167,6,0.0,0.5,de0dd7052a011dc3bcc707915f634f83f12ad8bea77c3c22fa4a93e60ca8cc27,9.768412111339039,8.532475814947395,9.42512911890764
230,0.3333333333333333,6.748759547491679,3.7625503730629,6,0.0,0.5,de0dd7052a011dc3bcc707915f634f83f12ad8bea77c3c22fa4a93e60ca8cc27,8.853093836138493,7.903596289614301,8.36380888451688
231,0.5714285714285714,2.0327355755579695,2.762593342362811,7,0.0,0.5714285714285714,de0dd7052a011dc3bcc707915f634f83f12ad8bea77c3c22fa4a93e60ca8cc27,9.819018395909678,8.90557995798965,9.306286713023391
232,0.6666666666666666,2.0700510583199936,3.3950486177569523,7,0.0,0.5714285714285714,de0dd7052a011dc3bcc707915f634f83f12ad8bea77c3c22fa4a93e60ca8cc27,9.593628035139645,8.483429561263428,9.193906065512758
233,0.5714285714285714,2.0760618662696184,2.7126601514840463,7,0.0,0.5714285714285714,de0dd7052a011dc3bcc707915f634f83f12ad8bea77c3c22fa4a93e60ca8cc27,10.060833123259906,8.917712757131387,9.676900579444158
234,0.6666666666666666,1.9847897044891991,2.9055704964883504,7,0.0,0.5714285714285714,de0dd7052a011dc3bcc707915f634f83f12ad8bea77c3c22fa4a93e60ca8cc27,10.123827176517604,8.051659556841953,9.989252319496922
235,0.5714285714285714,2.0177265221969547,2.530452348899517,7,0.0,0.5714285714285714,de0dd7052a011dc3bcc707915f634f83f12ad8bea77c3c22fa4a93e60ca8cc27,9.745780556506093,8.552753366814787,9.38437770918244
236,0.6,2.7375227994113818,3.72358417980002,7,0.0,0.5714285714285714,de0dd7052a011dc3bcc707915f634f83f12ad8bea77c3c22fa4a93e60ca8cc27,10.048323556581577,8.59452453435256,9.782167017299573
237,0.8,1.8352088885308186,6.035481432524756,7,0.0,0.8571428571428571,de0dd7052a011dc3bcc707915f634f83f12ad8bea77c3c22fa4a93e60ca8cc27,10.113343209523402,7.580699752224563,10.030560635099604
238,0.4,3.0784894927927775,2.952505050397399,7,0.0,0.8571428571428571,de0dd7052a011dc3bcc707915f634f83f12ad8bea77c3c22fa4a93e60ca8cc27,10.048107242146072,8.92252495730139,9.65585917954152
239,0.25,7.454141078146678,2.832806012029968,7,0.0,0.8571428571428571,de0dd7052a011dc3bcc707915f634f83f12ad8bea77c3c22fa4a93e60ca8cc27,9.514953305087944,8.799963219506997,8.843182098022606
240,0.25,6.428105272684596,2.5032943537183043,7,0.0,0.8571428571428571,de0dd7052a011dc3bcc707915f634f83f12ad8bea77c3c22fa4a93e60ca8cc27,9.686201810706079,7.801800401908973,9.521421537856195
241,0.4,3.5516610312630563,2.8032026602454336,7,0.0,0.8571428571428571,de0dd7052a011dc3bcc707915f634f83f12ad8bea77c3c22fa4a93e60ca8cc27,10.184145010050944,8.649273531773446,9.941457483787756
242,0.14285714285714285,3.4011973816621555,1.3769641132524588,5,0.0,0.8,f8049cd0adc935da07707b58babb231c7b6e0463626e4ad7b1d1537367dff3a2,10.217166265013583,8.269500767180615,10.06330784398357
243,0.2857142857142857,2.610177912539162,1.7155823852901886,5,0.0,0.8,f8049cd0adc935da07707b58babb231c7b6e0463626e4ad7b1d1537367dff3a2,9.470162947548884,8.612139668725192,8.918516400357067
244,0.2222222222222222,2.488366871210287,1.2300716240785554,5,0.0,0.8,f8049cd0adc935da07707b58babb231c7b6e0463626e4ad7b1d1537367dff3a2,11.215085306752389,8.636574948436317,11.136164424990419
245,0.375,1.8053668007348067,1.7535281154515583,5,0.0,0.8,f8049cd0adc935da07707b58babb231c7b6e0463626e4ad7b1d1537367dff3a2,10.598957034465641,8.802071336535285,10.417657577552509
246,0.4,1.9574075972875482,1.416979414550724,5,0.0,0.4,f8049cd0adc935da07707b58babb231c7b6e0463626e4ad7b1d1537367dff3a2,11.007932796396682,8.914357274485015,10.87640433434749
247,0.7142857142857143,1.644242018785014,3.426649546593039,5,0.0,0.4,f8049cd0adc935da07707b58babb231c7b6e0463626e4ad7b1d1537367dff3a2,10.584536847897937,8.448057452581375,10.458894495697496
248,0.6,1.35382745253901,2.181660853899611,5,0.0,0.4,f8049cd0adc935da07707b58babb231c7b6e0463626e4ad7b1d1537367dff3a2,11.032224826176158,9.16282938930513,10.864732529411326
249,0.5714285714285714,1.6921233029121574,2.419705376032367,5,3.713572066704308,0.4,f8049cd0adc935da07707b58babb231c7b6e0463626e4ad7b1d1537367dff3a2,10.467550579684536,7.736743682453495,10.398915234122022
250,0.5,2.3052411495437712,2.858613128949657,5,7.8504931808711405,0.4,f8049cd0adc935da07707b58babb231c7b6e0463626e4ad7b1d1537367dff3a2,11.209506887331928,8.749890955535259,11.081403814542282
251,0.42857142857142855,2.406791278907983,2.1732903185595043,5,7.189922170745808,0.4,f8049cd0adc935da07707b58babb231c7b6e0463626e4ad7b1d1537367dff3a2,11.181040689838715,8.89959435992585,11.052507743748084
252,0.5555555555555556,1.4877943184791724,2.1283966739555313,5,2.3978952727983707,0.4,f8049cd0adc935da07707b58babb231c7b6e0463626e4ad7b1d1537367dff3a2,11.168715368176574,8.80732226751107,11.069509237433492
253,0.5714285714285714,1.7563845786596302,2.040771593895804,5,6.96979066990159,0.4,f8049cd0adc935da07707b58babb231c7b6e0463626e4ad7b1d1537367dff3a2,11.208829417250193,8.441175704992322,11.128453451741024
254,0.25,7.115582126184454,2.4542150901392747,5,5.783825182329737,0.4,f8049cd0adc935da07707b58babb231c7b6e0463626e4ad7b1d1537367dff3a2,10.960895829280181,7.939871576361883,10.904964663771006
255,0.125,7.458186157340487,1.1066761296790888,5,3.295836866004329,0.4,f8049cd0adc935da07707b58babb231c7b6e0463626e4ad7b1d1537367dff3a2,11.241667770932589,8.305978210967302,11.18673815668355
256,0.25,7.246368080102461,2.278753092425689,5,0.0,0.4,f8049cd0adc935da07707b58babb231c7b6e0463626e4ad7b1d1537367dff3a2,11.031707185956895,7.755338812846501,10.99321044735832
257,0.14285714285714285,7.739359202689098,1.456188601963583,5,7.368339686311381,0.4,f8049cd0adc935da07707b58babb231c7b6e0463626e4ad7b1d1537367dff3a2,11.125791313546788,9.050992878742049,10.964536420649273
258,0.6666666666666666,3.915411497567658,7.3833681469923835,3,0.0,0.6666666666666666,6770004d8a1c4327f5e00ee41bf6b7a42ed1c745bc94f0ed76456788ba49bad5,9.005895898094458,8.325063693631197,8.300280189852664
259,0.5,3.029164847325779,2.890428908917879,3,0.0,0.6666666666666666,6770004d8a1c4327f5e00ee41bf6b7a42ed1c745bc94f0ed76456788ba49bad5,10.01283510937141,9.594036921611199,8.940367233305174
260,0.4,4.453873843394324,2.953594298602105,3,0.0,0.6666666666666666,6770004d8a1c4327f5e00ee41bf6b7a42ed1c745bc94f0ed76456788ba49bad5,9.922701771459932,9.577688157971219,8.690978417187905
261,0.6666666666666666,4.09211738704741,7.620705086838262,3,0.0,0.6666666666666666,6770004d8a1c4327f5e00ee41bf6b7a42ed1c745bc94f0ed76456788ba49bad5,10.265975567789152,8.6347984334905,10.048193773535386
262,0.5,4.375816351236149,4.576355629569774,3,0.0,0.3333333333333333,6770004d8a1c4327f5e00ee41bf6b7a42ed1c745bc94f0ed76456788ba49bad5,10.484976651553191,9.665293813175541,9.904137341377625
263,0.3333333333333333,5.3230099791384085,2.9727103043032876,5,0.0,0.6,b72e85a1b4c11f935c33693e927a9cbc020f454845fe9c462958caa8e4766709,10.622180640063812,6.375024819828097,10.60777247750653
264,0.3333333333333333,6.473890696352274,4.000342392257374,5,0.0,0.6,b72e85a1b4c11f935c33693e927a9cbc020f454845fe9c462958caa8e4766709,10.939958444666388,8.197263371414335,10.873394877847296
265,0.3333333333333333,3.9512437185814275,2.6208735075298213,5,6.439350371100098,0.6,b72e85a1b4c11f935c33693e927a9cbc020f454845fe9c462958caa8e4766709,11.10932361990884,5.484796933490655,11.09625784235407
266,0.5,3.2188758248682006,5.081404364984463,9,0.0,0.5555555555555556,c81aece63930568a9df34caa9bdea33986eea55ac10ba8b235acd4195e2725b5,6.586171654854675,5.225746673713202,6.289715570908998
267,0.5,3.5553480614894135,3.6109179126442243,9,0.0,0.3333333333333333,c81aece63930568a9df34caa9bdea33986eea55ac10ba8b235acd4195e2725b5,6.473890696352274,4.276666119016055,6.3561076606958915
268,0.5,5.910796644040527,8.768885326134862,5,0.0,0.4,b383470a2e7e83f4c9f89c21bab35f5df60a23b9137a27fbfd2363fefc04a93a,9.189116735524555,8.824677891164198,8.003028666384733
269,0.5,5.768320995793772,8.308199063206446,5,0.0,0.4,b383470a2e7e83f4c9f89c21bab35f5df60a23b9137a27fbfd2363fefc04a93a,8.590815331286851,8.384118837190895,6.912742820493176
270,0.5,3.6375861597263857,8.652947112393857,5,0.0,0.4,b383470a2e7e83f4c9f89c21bab35f5df60a23b9137a27fbfd2363fefc04a93a,8.790573479157159,8.65956043270316,6.693323668269949
271,0.5,5.579729825986222,7.549609165154532,5,0.0,0.8,b383470a2e7e83f4c9f89c21bab35f5df60a23b9137a27fbfd2363fefc04a93a,9.152605321324945,7.68017564043659,8.892061625546935
272,0.6666666666666666,4.373199167054521,3.6109179126442243,5,0.0,0.8,b383470a2e7e83f4c9f89c21bab35f5df60a23b9137a27fbfd2363fefc04a93a,9.056256356593467,8.752265313595721,7.717351272185329
273,0.5,2.772588722239781,3.828641396489095,2,0.0,0.0,5c7a70ba894dd57a867f2479083fa423958ea7733ee144871303c3009ea85882,10.891540650637173,4.127134385045092,10.890385851574235
274,0.5,2.4779135288006304,2.808385548833286,2,0.0,0.0,63bb029dea7cf5cd7789a4bf25436f487dc07ac146a53b4983e34377b3af1ca3,8.552174160311482,6.0330862217988015,8.46821300919452
275,0.5,2.833213344056216,3.8066624897703196,2,0.0,0.0,63bb029dea7cf5cd7789a4bf25436f487dc07ac146a53b4983e34377b3af1ca3,9.75655244441243,4.127134385045092,9.752955318231582
276,0.25,8.761080103868347,2.5381040488173334,2,3.912023005428146,0.0,63bb029dea7cf5cd7789a4bf25436f487dc07ac146a53b4983e34377b3af1ca3,10.619984981704288,9.036938912556787,10.38859528829649
277,1.0,6.008813185442595,8.299783171949787,2,5.730099782973574,0.5,63bb029dea7cf5cd7789a4bf25436f487dc07ac146a53b4983e34377b3af1ca3,10.727487541514835,8.39615486303918,10.617760014711022
278,0.6428571428571429,0.8845191787097908,1.4403832635063254,9,0.0,0.5555555555555556,9ce4f32cfa160f27b16ee33f4ec411b7a90a6b3243e241e6afcc6b51a8d4271f,9.239510749275963,8.344742754417545,8.714074899541522
279,0.6428571428571429,0.990080073550151,1.6289358366895517,9,0.0,0.5555555555555556,9ce4f32cfa160f27b16ee33f4ec411b7a90a6b3243e241e6afcc6b51a8d4271f,9.638284261844774,9.292473201514705,8.408493774492896
280,0.8125,0.6432442668576637,1.0502788966183194,9,0.0,0.6666666666666666,9ce4f32cfa160f27b16ee33f4ec411b7a90a6b3243e241e6afcc6b51a8d4271f,9.429315246418172,9.075551045627543,8.21851757748959
281,0.6428571428571429,0.9093904170037468,1.5476976244989291,9,0.0,0.6666666666666666,9ce4f32cfa160f27b16ee33f4ec411b7a90a6b3243e241e6afcc6b51a8d4271f,9.354613861132608,8.679312040892672,8.643297068211963
282,0.6363636363636364,1.1211647265999323,1.75549410576804,9,6.643789733147672,0.6666666666666666,9ce4f32cfa160f27b16ee33f4ec411b7a90a6b3243e241e6afcc6b51a8d4271f,9.39357817555449,8.211211361793023,8.93075873555827
283,0.75,1.20315161793651,1.8054589563221122,9,4.189654742026425,0.6666666666666666,9ce4f32cfa160f27b16ee33f4ec411b7a90a6b3243e241e6afcc6b51a8d4271f,8.379539026117442,7.2456550675945355,7.968665700466235
284,0.6428571428571429,0.8558395681409536,1.492328078441715,9,6.257667587882639,0.6666666666666666,9ce4f32cfa160f27b16ee33f4ec411b7a90a6b3243e241e6afcc6b51a8d4271f,9.171807422259398,8.282483003730562,8.545974992841689
285,0.5714285714285714,1.0561945678375533,1.144488880743647,9,3.8501476017100584,0.6666666666666666,9ce4f32cfa160f27b16ee33f4ec411b7a90a6b3243e241e6afcc6b51a8d4271f,9.3171298661577,8.636397438894713,8.602820277383675
286,0.6923076923076923,0.9292084256702089,1.9339675799881417,9,6.059123195581797,0.6666666666666666,9ce4f32cfa160f27b16ee33f4ec411b7a90a6b3243e241e6afcc6b51a8d4271f,9.25023393563786,8.790877754224164,8.133000218583613
287,0.7142857142857143,0.8745125259462243,0.83133619511344,9,2.9444389791664403,0.4444444444444444,9ce4f32cfa160f27b16ee33f4ec411b7a90a6b3243e241e6afcc6b51a8d4271f,9.471396088360253,9.245514446983837,7.8655717576847906
288,0.5,1.349976318456264,1.3479400479631638,9,2.772588722239781,0.4444444444444444,9ce4f32cfa160f27b16ee33f4ec411b7a90a6b3243e241e6afcc6b51a8d4271f,9.113168460223909,8.786914938491025,7.828038032125829
289,0.42857142857142855,1.3977714702325201,1.0437742063400084,9,3.713572066704308,0.4444444444444444,9ce4f32cfa160f27b16ee33f4ec411b7a90a6b3243e241e6afcc6b51a8d4271f,9.449278529189034,9.061724347647399,8.303752415563412
290,0.4166666666666667,1.7123568149488224,1.0595685173401648,9,4.04305126783455,0.4444444444444444,9ce4f32cfa160f27b16ee33f4ec411b7a90a6b3243e241e6afcc6b51a8d4271f,9.247925132303454,8.83811659764782,8.141481041457421
291,0.375,2.5146009558338362,1.6754942496482201,3,0.0,0.6666666666666666,7e07decdc83c46abafeb5eaa5ed287259968ff4be2c3cbf10e17b3bd2660918c,9.818310855128535,8.738254576526122,9.403437001938096
292,0.3333333333333333,3.614194225786802,2.124400635412808,3,0.0,0.6666666666666666,7e07decdc83c46abafeb5eaa5ed287259968ff4be2c3cbf10e17b3bd2660918c,9.431401757086068,8.74528448245438,8.731174900938061
293,0.5714285714285714,1.6748750850404195,2.2501824587361394,3,0.0,0.6666666666666666,7e07decdc83c46abafeb5eaa5ed287259968ff4be2c3cbf10e17b3bd2660918c,9.677026002747972,9.096163326913784,8.857372832825773
294,0.6666666666666666,2.068971417368589,3.2917046110793824,3,0.0,0.6666666666666666,7e07decdc83c46abafeb5eaa5ed287259968ff4be2c3cbf10e17b3bd2660918c,9.287486581152837,8.444837529224097,8.724369949208368
295,0.75,2.513717485045436,6.9985096422506015,3,0.0,0.6666666666666666,7e07decdc83c46abafeb5eaa5ed287259968ff4be2c3cbf10e17b3bd2660918c,8.822027322685583,7.999342952713282,8.24354550792826
296,0.6,2.286538301218067,2.499623244658977,3,0.0,0.6666666666666666,7e07decdc83c46abafeb5eaa5ed287259968ff4be2c3cbf10e17b3bd2660918c,10.657894447316275,7.922623574217286,10.590817847774508
297,0.3333333333333333,4.584967478670572,4.361859718453505,3,0.0,0.6666666666666666,7e07decdc83c46abafeb5eaa5ed287259968ff4be2c3cbf10e17b3bd2660918c,10.74920559423812,8.739536422559677,10.605297106174726
298,0.6666666666666666,2.1225582524583637,4.332978982340674,3,0.0,0.6666666666666666,7e07decdc83c46abafeb5eaa5ed287259968ff4be2c3cbf10e17b3bd2660918c,10.628278738430534,9.275097619191461,10.329310689232171
299,0.3333333333333333,6.335054251498059,4.875080766291713,3,0.0,0.3333333333333333,7e07decdc83c46abafeb5eaa5ed287259968ff4be2c3cbf10e17b3bd2660918c,10.939603677478631,9.782505655975346,10.5621468026374
300,0.3333333333333333,8.892611378172106,3.2903195686424747,3,0.0,0.3333333333333333,7e07decdc83c46abafeb5eaa5ed287259968ff4be2c3cbf10e17b3bd2660918c,10.052683118897981,8.987071812848821,9.6302999262348
301,0.6666666666666666,4.803079551516271,7.395107546562485,3,0.0,0.3333333333333333,7e07decdc83c46abafeb5eaa5ed287259968ff4be2c3cbf10e17b3bd2660918c,10.866394659038862,9.710145492458707,10.488548283231015
302,0.6666666666666666,4.768128547328939,7.297091005160418,3,0.0,0.3333333333333333,7e07decdc83c46abafeb5eaa5ed287259968ff4be2c3cbf10e17b3bd2660918c,10.855434961618318,9.637501738166108,10.504683904348164
303,0.5,4.758471164640238,4.569261042092855,3,0.0,0.3333333333333333,7e07decdc83c46abafeb5eaa5ed287259968ff4be2c3cbf10e17b3bd2660918c,10.580302078475176,10.038673825091196,9.708506197595383
304,0.5,2.9159412386417585,3.186659894788506,1,0.0,1.0,c7b9f45a51195d35acef7469c85b7ad1fb012b099eeb9c30adb883ce81eb68e9,8.249836485425702,6.831953565565855,7.9724660159745655
305,0.625,1.6700859947076272,2.69812614832432,1,0.0,0.0,c7b9f45a51195d35acef7469c85b7ad1fb012b099eeb9c30adb883ce81eb68e9,9.458293602198967,8.9237243977064,8.576593534697684
306,0.5454545454545454,1.4434045599170242,1.5989939045395754,1,0.0,0.0,c7b9f45a51195d35acef7469c85b7ad1fb012b099eeb9c30adb883ce81eb68e9,9.947647968321782,9.075207697984686,9.406482647787449
307,0.6,3.0361394607502663,3.9009002009544864,1,0.0,0.0,c7b9f45a51195d35acef7469c85b7ad1fb012b099eeb9c30adb883ce81eb68e9,10.185315020186113,9.348013177101256,9.61813609542263
308,0.5,1.6445107276793915,1.4983290947210266,1,0.0,0.0,c7b9f45a51195d35acef7469c85b7ad1fb012b099eeb9c30adb883ce81eb68e9,9.518486617560317,8.61558951327243,8.998631198287637
309,0.5,7.048386408721883,4.8283137373023015,1,0.0,0.0,c7b9f45a51195d35acef7469c85b7ad1fb012b099eeb9c30adb883ce81eb68e9,9.85245738142335,7.151485463904735,9.782956995898381
310,0.5,6.444131256700441,6.324358962381311,1,0.0,1.0,c7b9f45a51195d35acef7469c85b7ad1fb012b099eeb9c30adb883ce81eb68e9,10.220958983173661,7.079184394609668,10.176791757041954
311,0.5,5.988961416889864,6.905753276311464,1,0.0,1.0,c7b9f45a51195d35acef7469c85b7ad1fb012b099eeb9c30adb883ce81eb68e9,9.735305559295893,7.242082359256962,9.64904681386415
312,0.5,4.454347296253507,7.216709486709457,1,0.0,1.0,c7b9f45a51195d35acef7469c85b7ad1fb012b099eeb9c30adb883ce81eb68e9,11.097531225784179,7.277938572945661,11.07535030294383
313,0.5,4.465908118654584,6.922643891475888,1,0.0,1.0,c7b9f45a51195d35acef7469c85b7ad1fb012b099eeb9c30adb883ce81eb68e9,10.710722059133841,7.004881989712859,10.685835378554376
314,0.3333333333333333,5.3706380281276624,3.118184795101852,5,0.0,0.4,c7b6e0ab1fc1eeda5b49833d2e581d6988c7038f423ceff758b3f46d8487527e,7.370230641807081,6.587550014824796,6.759255270663693
315,0.5,3.784189633918261,7.719129840906732,5,0.0,0.4,c7b6e0ab1fc1eeda5b49833d2e581d6988c7038f423ceff758b3f46d8487527e,7.933796874815411,7.738488122494646,6.20455776256869
316,0.3333333333333333,2.1972245773362196,4.156313012837481,5,0.0,0.4,c7b6e0ab1fc1eeda5b49833d2e581d6988c7038f423ceff758b3f46d8487527e,8.70167907103957,8.314832179284556,7.564757012905729
317,0.3333333333333333,6.618738983517219,3.4468281773013176,5,0.0,0.4,c7b6e0ab1fc1eeda5b49833d2e581d6988c7038f423ceff758b3f46d8487527e,8.861350110795998,7.45876269238096,8.579040594742317
318,0.5,8.3654396361887,7.679713639966372,5,0.0,0.4,c7b6e0ab1fc1eeda5b49833d2e581d6988c7038f423ceff758b3f46d8487527e,8.909640602443098,8.773384596776648,6.849066282633458
319,0.5,7.803026643632217,2.6390573296152584,5,0.0,0.4,c7b6e0ab1fc1eeda5b49833d2e581d6988c7038f423ceff758b3f46d8487527e,8.127995055771946,7.808729306744399,6.8308742346461795
320,0.5,6.3561076606958915,5.905361848054571,4,0.0,0.5,c7b6e0ab1fc1eeda5b49833d2e581d6988c7038f423ceff758b3f46d8487527e,9.137231900155545,6.849066282633458,9.03025631012242
321,0.6666666666666666,3.9400241004857883,4.812184355372417,4,0.0,0.5,c7b6e0ab1fc1eeda5b49833d2e581d6988c7038f423ceff758b3f46d8487527e,8.915969311373605,7.925518979786926,8.451694209183541
322,0.5,8.21716859576607,6.663132695990803,4,0.0,0.5,c7b6e0ab1fc1eeda5b49833d2e581d6988c7038f423ceff758b3f46d8487527e,8.90598676523643,8.408939605975984,7.968665700466235
323,0.3333333333333333,5.135798437050262,2.8912850004765382,3,0.0,0.0,4f58ed3ff5bec642352803392d9bf860d500cacbcc3a6417c16e47fbaaf788dc,9.47883962501119,8.70251025718999,8.862483576488332
324,0.5,9.722864552377755,8.208219383496834,3,0.0,0.0,4f58ed3ff5bec642352803392d9bf860d500cacbcc3a6417c16e47fbaaf788dc,10.216142686053809,9.92162212273161,8.850087606689566
325,0.5,8.38958706681109,6.411818267709897,3,0.0,0.0,4f58ed3ff5bec642352803392d9bf860d500cacbcc3a6417c16e47fbaaf788dc,10.0650109866928,8.51919119407891,9.825309771472105
326,0.5,8.479698986988657,4.330733340286331,3,0.0,0.0,4f58ed3ff5bec642352803392d9bf860d500cacbcc3a6417c16e47fbaaf788dc,10.035085827892875,8.495356496807062,9.793728488543389
327,1.0,2.091825025460405,3.9325939770937337,1,0.0,0.0,b4f0f35494014c3657274293ab359d2174a0202788fefe3f0c363cb0790d237b,9.525516008736886,8.840580188488795,8.824089482791823
328,0.6,2.196767016065562,2.1309925439238153,4,0.0,0.5,6ce1f13e08b9a9370d2f41333ee0e9db782d1f37103044e76f88fccf95bc541d,9.52507811645139,8.659039915644474,8.979290649090876
329,0.6666666666666666,3.828405045740189,6.333279628139691,4,0.0,0.5,6ce1f13e08b9a9370d2f41333ee0e9db782d1f37103044e76f88fccf95bc541d,9.164610520270008,7.8928255262511176,8.835646922534773
330,0.8,1.9745099226911547,1.9356005054539456,3,0.0,0.6666666666666666,41258e840c21575c6929ce1ab26cb851925b37cecf3695b246839a4800c186b1,8.59007183682881,7.9157131993821155,7.87777633327726
331,0.8,1.9821915804066739,4.204692619390966,3,0.0,0.6666666666666666,41258e840c21575c6929ce1ab26cb851925b37cecf3695b246839a4800c186b1,8.09437844497296,7.952615111651,6.07073772800249
332,0.8333333333333334,1.571650836437206,5.484796933490655,3,0.0,0.6666666666666666,41258e840c21575c6929ce1ab26cb851925b37cecf3695b246839a4800c186b1,8.96405612822033,7.947325027016463,8.514990767861038
333,0.8,1.7766515344318257,3.258096538021482,3,0.0,0.6666666666666666,41258e840c21575c6929ce1ab26cb851925b37cecf3695b246839a4800c186b1,8.173293438966228,7.1276936993473985,7.740229524763182
334,0.8,2.0407003383730182,6.829793737512425,3,0.0,0.6666666666666666,41258e840c21575c6929ce1ab26cb851925b37cecf3695b246839a4800c186b1,8.872066513408342,8.396831834745054,7.89989532313973
335,0.8,2.071630343420309,4.1588830833596715,3,0.0,0.6666666666666666,41258e840c21575c6929ce1ab26cb851925b37cecf3695b246839a4800c186b1,9.05005424204284,8.302513718514158,8.408493774492896
336,0.8571428571428571,1.617251843417242,5.342334251964811,3,4.07753744390572,0.6666666666666666,41258e840c21575c6929ce1ab26cb851925b37cecf3695b246839a4800c186b1,9.933143437443638,9.716193654115616,8.28374674710613
337,0.8333333333333334,1.6315314030392944,4.770684624465665,3,0.0,0.6666666666666666,41258e840c21575c6929ce1ab26cb851925b37cecf3695b246839a4800c186b1,8.419359831067474,8.190908881182514,6.8308742346461795
338,0.7142857142857143,1.6396728779935241,2.8617925509761903,3,4.890349128221754,0.6666666666666666,41258e840c21575c6929ce1ab26cb851925b37cecf3695b246839a4800c186b1,8.506940814951886,8.279189777195004,6.774223886357614
339,0.6,2.1345247326449384,3.0007074389805752,3,4.0943445622221,0.6666666666666666,41258e840c21575c6929ce1ab26cb851925b37cecf3695b246839a4800c186b1,7.395107546562485,6.915723448631314,6.327936783729195
340,0.7142857142857143,1.5437370990396933,2.6047430764207107,3,0.0,0.6666666666666666,41258e840c21575c6929ce1ab26cb851925b37cecf3695b246839a4800c186b1,7.9215356321335495,7.796880342783522,5.7745515455444085
341,0.625,1.7631927121706876,3.010643717334048,3,0.0,0.0,63270a88cf70700dec1d014ba4096e62c19a92084b7180cb228e6b65c875c6d3,9.78571701680162,9.622913491543725,7.890208213109961
342,0.625,1.7357943693957725,2.964157989449029,3,0.0,0.0,63270a88cf70700dec1d014ba4096e62c19a92084b7180cb228e6b65c875c6d3,9.730502276719161,9.484557193474393,8.207401833376355
343,0.625,1.6367911434609907,2.673752060047999,3,3.828641396489095,0.0,63270a88cf70700dec1d014ba4096e62c19a92084b7180cb228e6b65c875c6d3,9.271059107010888,8.799058378546453,8.281977058867758
344,0.625,1.7743010692331562,2.992550469272814,3,0.0,0.0,63270a88cf70700dec1d014ba4096e62c19a92084b7180cb228e6b65c875c6d3,9.749578510178852,9.619133270177022,7.64826303090192
345,0.625,1.58416193585772,2.9581959587597733,3,0.0,0.0,63270a88cf70700dec1d014ba4096e62c19a92084b7180cb228e6b65c875c6d3,9.612867836097005,9.200492035921368,8.52793528794814
346,0.5714285714285714,2.103513108124181,2.879154007935727,3,0.0,0.0,63270a88cf70700dec1d014ba4096e62c19a92084b7180cb228e6b65c875c6d3,9.687257547490987,9.225130457448818,8.693161274238017
347,0.625,1.5583871913876117,2.634901304624582,4,4.343805421853684,0.25,63270a88cf70700dec1d014ba4096e62c19a92084b7180cb228e6b65c875c6d3,8.66406026722579,8.543055850941965,6.368187186350492
348,0.375,2.6804709697976823,1.7891186541613795,4,0.0,0.25,63270a88cf70700dec1d014ba4096e62c19a92084b7180cb228e6b65c875c6d3,9.372714290960442,9.285540604539118,6.889591308354466
349,0.2857142857142857,3.5945838692101613,1.841667673861102,4,0.0,0.25,63270a88cf70700dec1d014ba4096e62c19a92084b7180cb228e6b65c875c6d3,9.620859354387026,9.33300038471207,8.235095497258357
350,0.375,2.4401756540909134,1.7753647526361207,4,0.0,0.25,63270a88cf70700dec1d014ba4096e62c19a92084b7180cb228e6b65c875c6d3,9.28868933838716,9.06820060481506,7.668561108015897
351,0.375,2.8874439856941585,1.9373273321689877,4,0.0,0.25,63270a88cf70700dec1d014ba4096e62c19a92084b7180cb228e6b65c875c6d3,10.186445986151496,9.993419660036736,8.446556111816797
352,0.16666666666666666,6.903747257584598,1.8868407328429484,3,0.0,0.3333333333333333,6868df000fd32192aabc4c73e3d1618864833b0b08ed93b85804906365b47e25,10.015386645033537,9.510815266226716,9.089640586738398
353,0.5,5.926926025970411,8.024207485778577,3,8.733271845008325,0.3333333333333333,6868df000fd32192aabc4c73e3d1618864833b0b08ed93b85804906365b47e25,9.945253101768596,8.14002395246292,9.325274910068282
354,0.5,7.5688956634069955,8.300528606199737,3,9.536329278582551,0.3333333333333333,6868df000fd32192aabc4c73e3d1618864833b0b08ed93b85804906365b47e25,10.83372063653299,8.693328989123106,10.33802590813
355,0.5,6.5337888379333435,10.135670128501008,3,6.900730664045173,0.3333333333333333,6868df000fd32192aabc4c73e3d1618864833b0b08ed93b85804906365b47e25,10.325940873673147,10.162577230623807,8.190354403763262
356,0.5,5.1647859739235145,8.57300625623545,3,7.89989532313973,0.6666666666666666,6868df000fd32192aabc4c73e3d1618864833b0b08ed93b85804906365b47e25,10.47534242212957,8.60557030203365,10.21361581381774
357,0.3333333333333333,2.623512036080243,2.1355202267310043,2,0.0,0.5,396cfbbfceca676fc612a39b50257b4024292f7e6e3a25de6866273c4c43fa22,9.025455532779063,8.578476419833136,8.005033344637111
358,0.6666666666666666,3.2705149995949516,5.5053315359323625,2,0.0,0.5,396cfbbfceca676fc612a39b50257b4024292f7e6e3a25de6866273c4c43fa22,8.48879371689454,6.844815479208263,8.27410200229233
359,0.5,3.2595736439701977,3.43242388898543,2,0.0,0.5,396cfbbfceca676fc612a39b50257b4024292f7e6e3a25de6866273c4c43fa22,8.825412915085566,7.400009517162692,8.550434525196039
360,0.6666666666666666,3.059048599020674,6.529418838262226,2,0.0,0.5,396cfbbfceca676fc612a39b50257b4024292f7e6e3a25de6866273c4c43fa22,9.532278933106054,7.037905963447182,9.446123703636829
361,0.6666666666666666,2.8949800854486267,5.147494476813453,2,0.0,0.5,396cfbbfceca676fc612a39b50257b4024292f7e6e3a25de6866273c4c43fa22,10.39662770624607,6.212606095751519,10.381273322223919
362,0.6666666666666666,3.2415536757285994,7.554858521040676,2,0.0,0.5,396cfbbfceca676fc612a39b50257b4024292f7e6e3a25de6866273c4c43fa22,9.033841828485016,7.849323818040561,8.668711839055147
363,0.5,6.536691597591305,8.025516386489008,2,0.0,0.0,4751f8dd0aecb76f33d8b1d860f469e0086fe619193256b0ad5e10e2f5415674,8.492080490601163,8.228977643358313,7.028201432058005
364,0.5,7.399398083331354,8.588024372176829,2,0.0,0.0,4751f8dd0aecb76f33d8b1d860f469e0086fe619193256b0ad5e10e2f5415674,9.021356672308677,8.85395110151461,7.151485463904735
365,0.5,7.04141166379481,8.792245847467877,2,0.0,0.0,4751f8dd0aecb76f33d8b1d860f469e0086fe619193256b0ad5e10e2f5415674,9.081824949740755,8.952346543226227,6.97354301952014
366,0.5,6.975413927455952,7.84971375760487,2,0.0,0.0,4751f8dd0aecb76f33d8b1d860f469e0086fe619193256b0ad5e10e2f5415674,8.598220030058611,8.19836438996762,7.488293515159428
367,0.5,9.089979015305,8.357024439263416,2,0.0,0.0,4751f8dd0aecb76f33d8b1d860f469e0086fe619193256b0ad5e10e2f5415674,9.697692639556532,9.482350275033667,8.056426767522984
368,0.5,9.335297611380566,9.729669736233394,2,0.0,0.0,4751f8dd0aecb76f33d8b1d860f469e0086fe619193256b0ad5e10e2f5415674,10.547181849376543,10.24494733066838,9.203315757039219
369,0.5,7.3310603052186325,8.712430973476739,3,0.0,0.3333333333333333,4751f8dd0aecb76f33d8b1d860f469e0086fe619193256b0ad5e10e2f5415674,10.385851971480083,8.936561204693394,10.118316634246252
370,0.5,9.62264867856634,8.956350940490871,3,0.0,0.3333333333333333,4751f8dd0aecb76f33d8b1d860f469e0086fe619193256b0ad5e10e2f5415674,10.459812216373336,10.037143937348802,9.394743094973961
371,0.5,6.992096427415888,9.691654792367785,3,0.0,0.3333333333333333,4751f8dd0aecb76f33d8b1d860f469e0086fe619193256b0ad5e10e2f5415674,10.199323789243778,9.756726171140725,9.17107965802288
372,0.5,5.777652323222656,9.869775638050593,3,0.0,0.3333333333333333,4751f8dd0aecb76f33d8b1d860f469e0086fe619193256b0ad5e10e2f5415674,10.370737393585243,9.886341393701157,9.413444467952665
373,0.5,8.880307358983872,9.771497828073176,3,0.0,0.3333333333333333,4751f8dd0aecb76f33d8b1d860f469e0086fe619193256b0ad5e10e2f5415674,10.595258786916142,10.115206086180871,9.63095678385169
374,0.2,4.276666119016055,1.3680676684178688,5,0.0,0.6,53346479b764a506066cacd9145710acaabca2557bf930b62ff21bafbc9a6e6d,7.611347717403621,5.736572297479192,7.444833273892193
375,0.14285714285714285,7.3031700512368,1.3385100300401032,5,0.0,0.6,53346479b764a506066cacd9145710acaabca2557bf930b62ff21bafbc9a6e6d,9.351579483668907,8.425077902508432,8.847503625923641
376,0.42857142857142855,2.669787692210015,1.6319893311157094,5,0.0,0.6,53346479b764a506066cacd9145710acaabca2557bf930b62ff21bafbc9a6e6d,9.446992273315185,8.780633799494984,8.726318950962243
377,0.42857142857142855,2.5268999174081874,1.9963710891834556,5,0.0,0.6,53346479b764a506066cacd9145710acaabca2557bf930b62ff21bafbc9a6e6d,9.254452946594503,8.496582237512113,8.622093601241607
378,0.4,3.202614229015421,2.187481364564573,5,0.0,0.6,53346479b764a506066cacd9145710acaabca2557bf930b62ff21bafbc9a6e6d,8.339261982923576,7.180069874302796,7.962763930168115
379,0.42857142857142855,2.2747912233476955,1.9284461541496887,5,0.0,0.6,53346479b764a506066cacd9145710acaabca2557bf930b62ff21bafbc9a6e6d,8.748939631537715,8.058010800802085,8.05356916913454
380,0.2857142857142857,3.132650606368855,1.4260197020251155,5,0.0,0.2,53346479b764a506066cacd9145710acaabca2557bf930b62ff21bafbc9a6e6d,8.270269111436624,7.4815557019095165,7.664346632098617
381,0.6666666666666666,2.144101262762021,3.834046854541203,5,0.0,0.2,53346479b764a506066cacd9145710acaabca2557bf930b62ff21bafbc9a6e6d,9.436678814186912,8.915163617762142,8.536211197252
382,0.625,1.6512695545836031,2.2436727001606944,5,0.0,0.2,53346479b764a506066cacd9145710acaabca2557bf930b62ff21bafbc9a6e6d,9.06900719585954,8.453187861440325,8.292047637431354
383,0.6666666666666666,2.136930599112765,2.9982260443095106,5,0.0,0.2,53346479b764a506066cacd9145710acaabca2557bf930b62ff21bafbc9a6e6d,9.145268375232467,8.622813673279921,8.246171559857563
384,0.7142857142857143,1.7411324957592853,3.468657040611841,5,0.0,0.2,53346479b764a506066cacd9145710acaabca2557bf930b62ff21bafbc9a6e6d,9.55094690773585,8.863191340690854,8.852378886511985
385,0.2,5.541263545158426,2.554401155296247,1,0.0,1.0,260ee95ac9db3d25b725c7d6e6ebc1a9ef5f787cde82d886a233900d188aaafe,10.361703226029821,10.226874549608686,8.291295851905407
386,0.3333333333333333,2.6711671259824055,2.4875927846087444,1,0.0,1.0,260ee95ac9db3d25b725c7d6e6ebc1a9ef5f787cde82d886a233900d188aaafe,10.049058675855347,9.96029312635758,7.583247524303362
387,0.375,2.2978854515342118,1.770246780569207,1,0.0,1.0,260ee95ac9db3d25b725c7d6e6ebc1a9ef5f787cde82d886a233900d188aaafe,9.085797036901582,8.983314293397749,6.756932389247553
388,0.3333333333333333,2.8502217866953434,2.427566703718293,1,0.0,1.0,260ee95ac9db3d25b725c7d6e6ebc1a9ef5f787cde82d886a233900d188aaafe,9.792667717430884,9.728240909414135,7.018401799069201
389,0.4,4.766574123201669,2.7145058019324932,1,0.0,0.0,260ee95ac9db3d25b725c7d6e6ebc1a9ef5f787cde82d886a233900d188aaafe,10.018377518410084,9.755625391793744,8.55333223803211
390,0.4,3.348517123833242,2.1444779816127357,1,0.0,0.0,260ee95ac9db3d25b725c7d6e6ebc1a9ef5f787cde82d886a233900d188aaafe,8.858652969548489,8.719807451477955,6.815639990074331
391,0.3333333333333333,2.7627264695658917,2.268429623608305,1,0.0,0.0,260ee95ac9db3d25b725c7d6e6ebc1a9ef5f787cde82d886a233900d188aaafe,9.288041879640035,9.102086786535928,7.51425465281641
392,0.2857142857142857,3.153137643474008,1.7856485355636604,1,0.0,0.0,260ee95ac9db3d25b725c7d6e6ebc1a9ef5f787cde82d886a233900d188aaafe,9.08330213880546,8.998384010052538,6.57507584059962
393,0.375,2.2456556526672853,1.6610968035455382,1,0.0,0.0,260ee95ac9db3d25b725c7d6e6ebc1a9ef5f787cde82d886a233900d188aaafe,8.752265313595721,8.494743062578646,7.269616749608169
394,0.5,7.16703787691222,6.97914527506881,4,0.0,0.5,b539a1120f24705bf97a63623c1342087dfc71cb03c775bb3c1e3e4599d8f8a5,11.296695459925086,7.7706452341291765,11.266833092277611
395,0.6666666666666666,4.006009119579531,6.794586580876499,4,0.0,1.0,b539a1120f24705bf97a63623c1342087dfc71cb03c775bb3c1e3e4599d8f8a5,10.97585852999901,8.271292652979412,10.90661631304262
396,0.75,2.692896076409957,4.727387818712341,4,0.0,1.0,b539a1120f24705bf97a63623c1342087dfc71cb03c775bb3c1e3e4599d8f8a5,11.06899495838682,8.11312710422178,11.015558860888394
397,0.6666666666666666,1.842715041634179,3.100254587021345,12,0.0,0.75,5cc7e291842468116ad019d3f74d427a2b2e5888976c04848d4e1db01055f91d,9.54831148472113,7.641084249174914,9.387565631345389
398,0.5,1.836824925185791,1.4817315064926027,12,2.8903717578961645,0.75,5cc7e291842468116ad019d3f74d427a2b2e5888976c04848d4e1db01055f91d,8.173011311724972,7.563719668414366,7.377133712833954
399,0.46153846153846156,1.4957063699162634,1.0126298255250563,12,7.311886164077165,0.75,5cc7e291842468116ad019d3f74d427a2b2e5888976c04848d4e1db01055f91d,9.5876803163585,9.115480090952223,8.291797105048733
400,0.5454545454545454,1.5400964258394654,1.0429871515217972,12,7.642044402873258,0.75,5cc7e291842468116ad019d3f74d427a2b2e5888976c04848d4e1db01055f91d,10.522611372747287,9.258273025731485,10.1093221647277
401,0.6666666666666666,2.3636939093561704,2.4849066497880004,2,0.0,0.5,27d59cd97a14b340351887ffcca3f3991dd7e660c042ad09ac7f307078c17348,7.301822342137932,4.8283137373023015,7.213768308118642
402,0.6666666666666666,4.234841104372593,4.04305126783455,3,0.0,0.3333333333333333,529b1023d7fc2b31dd0375bbce890e1b63a17a82a8644b0f984bf0a6dc52634c,8.635153989049803,8.481566013773087,6.68586094706836
403,0.5,1.8141392368405977,1.8933908696723558,4,0.0,0.75,65c46cb63840a6c611051d27c6aa52a17421c0189140c95f41021c3bfab0bf28,10.388933827962722,6.261491684321042,10.372678351524836
404,0.625,1.5781913432277839,2.79172289712894,4,0.0,0.75,65c46cb63840a6c611051d27c6aa52a17421c0189140c95f41021c3bfab0bf28,11.3039559852119,8.855235623206967,11.213589077374968
405,0.625,1.6175895109285339,2.747322186743934,4,0.0,0.75,65c46cb63840a6c611051d27c6aa52a17421c0189140c95f41021c3bfab0bf28,11.352228404272937,8.861066543517762,11.265783747381978
406,0.625,1.6808048986621198,1.334172224106185,4,0.0,0.25,65c46cb63840a6c611051d27c6aa52a17421c0189140c95f41021c3bfab0bf28,11.168531937601006,8.917444732471514,11.057282229917783
407,0.3333333333333333,2.7474977177292086,1.449835770528085,4,0.0,0.25,65c46cb63840a6c611051d27c6aa52a17421c0189140c95f41021c3bfab0bf28,11.289381833634678,9.189729418072059,11.158704650049076
408,0.2222222222222222,4.1758053753132796,1.3451155188014834,4,0.0,0.25,65c46cb63840a6c611051d27c6aa52a17421c0189140c95f41021c3bfab0bf28,11.33263783833726,9.712205974370661,11.112223992711087
409,0.25,4.337440233625916,1.4757299097951846,4,0.0,0.25,65c46cb63840a6c611051d27c6aa52a17421c0189140c95f41021c3bfab0bf28,11.327872180403153,9.461799234270439,11.159772881657789
410,0.25,4.393839119519749,1.4250079213811973,4,0.0,0.25,65c46cb63840a6c611051d27c6aa52a17421c0189140c95f41021c3bfab0bf28,11.324147107832902,9.369052063131004,11.171519075412782
411,0.2,7.483806687665835,2.1241455593780283,3,0.0,0.3333333333333333,f9b2a907d32beff7a49ed8405d71d0edbee0350c7ae304103f7626779adc3c4c,9.208638925336425,8.806424063857868,8.10349427838097
412,0.2857142857142857,3.348517123833242,1.7665175404869107,3,0.0,0.3333333333333333,f9b2a907d32beff7a49ed8405d71d0edbee0350c7ae304103f7626779adc3c4c,9.964535614101061,8.944289319650697,9.51745735706657
413,0.2,7.303843225277705,2.1376569918756188,3,0.0,0.3333333333333333,f9b2a907d32beff7a49ed8405d71d0edbee0350c7ae304103f7626779adc3c4c,9.494541392591309,8.803273982501045,8.799510901368867
414,0.375,2.4761110647302687,1.7798915812707932,3,0.0,0.3333333333333333,f9b2a907d32beff7a49ed8405d71d0edbee0350c7ae304103f7626779adc3c4c,9.909221084383889,9.106201332235038,9.315060682746585
415,0.3333333333333333,4.052502768773623,1.7607749527068868,2,0.0,1.0,f9b2a907d32beff7a49ed8405d71d0edbee0350c7ae304103f7626779adc3c4c,9.555276687009526,9.207436158828793,8.330381569349418
416,0.6,2.7966047540288024,3.9158086381763053,2,1.6094379124341003,1.0,f9b2a907d32beff7a49ed8405d71d0edbee0350c7ae304103f7626779adc3c4c,9.625359692889159,8.842315546841863,9.014082149443356
417,0.5,2.2189266111571526,2.139007303800359,2,6.054439346269371,1.0,f9b2a907d32beff7a49ed8405d71d0edbee0350c7ae304103f7626779adc3c4c,9.619133270177022,9.421735176255844,7.727535110475448
418,0.5,2.169317284815718,2.141448215313075,2,0.0,1.0,f9b2a907d32beff7a49ed8405d71d0edbee0350c7ae304103f7626779adc3c4c,9.54230245311951,9.316230747233615,7.944492163932159
419,0.7142857142857143,1.8154303555464875,4.192972452403142,2,4.356708826689592,1.0,f9b2a907d32beff7a49ed8405d71d0edbee0350c7ae304103f7626779adc3c4c,9.722265391185474,9.483264073452418,8.15162164696975
420,0.3333333333333333,7.557994958530806,3.3309273702726556,2,0.0,1.0,a98f4b263cc09de16ef398106fe10d570136169166f3f747fb2edfe40237e42e,8.637284671674058,7.900266036767701,7.986164860332727
421,0.3333333333333333,8.14351740579748,4.196268293408341,2,5.996452088619021,1.0,a98f4b263cc09de16ef398106fe10d570136169166f3f747fb2edfe40237e42e,9.418329675518715,8.96890555068972,8.307705966549513
422,0.3333333333333333,7.708859601047175,3.525927811477947,2,0.0,1.0,a98f4b263cc09de16ef398106fe10d570136169166f3f747fb2edfe40237e42e,8.879333174786028,8.12651816878071,8.242493153187626
423,0.3333333333333333,6.579251212010101,3.468657040611841,2,7.496097345175956,1.0,a98f4b263cc09de16ef398106fe10d570136169166f3f747fb2edfe40237e42e,8.958154135209242,7.4673710669175595,8.347590407030058
424,0.6666666666666666,3.696631547381919,2.9444389791664403,2,1.791759469228055,1.0,a98f4b263cc09de16ef398106fe10d570136169166f3f747fb2edfe40237e42e,8.543640361431086,7.593877844605118,8.052614818815567
425,0.6666666666666666,4.038568319269227,6.142037405587356,2,5.111987788356544,1.0,a98f4b263cc09de16ef398106fe10d570136169166f3f747fb2edfe40237e42e,9.181838011503471,8.212025804623437,8.677269139262872
426,0.6666666666666666,4.095593002321395,6.4967749901858625,2,0.0,1.0,a98f4b263cc09de16ef398106fe10d570136169166f3f747fb2edfe40237e42e,9.35668926831132,8.35983738064003,8.896177422274805
427,0.6666666666666666,4.0307434334356635,6.771935555839602,2,0.0,1.0,a98f4b263cc09de16ef398106fe10d570136169166f3f747fb2edfe40237e42e,8.839131752546109,8.304742269640771,7.957177323459475
428,0.6666666666666666,4.013248469472706,5.846438775057725,2,2.1972245773362196,1.0,a98f4b263cc09de16ef398106fe10d570136169166f3f747fb2edfe40237e42e,8.900685318713995,8.133587417660966,8.27410200229233
429,0.6666666666666666,4.295686294795244,7.835974581721566,2,0.0,0.0,75f2124fa4d799e90799bcebe3e6c0131cff7626817e168ae35f07b9ef768548,9.728002573001161,8.976514972315112,9.089979015305
430,0.8,2.006460836037726,3.871201010907891,7,0.0,0.42857142857142855,097cf06c82ff7fdd8f84593b6584b2f1511a3464b96dba4dc78c7f82fbafcb49,9.720285608314866,8.041412909393047,9.513772754519195
431,0.8333333333333334,1.741893015812672,5.075173815233827,7,0.0,0.42857142857142855,097cf06c82ff7fdd8f84593b6584b2f1511a3464b96dba4dc78c7f82fbafcb49,10.297386024272827,8.735525185733225,10.061985910356807
432,0.6666666666666666,2.10991599722675,3.614919389075625,7,0.0,0.42857142857142855,097cf06c82ff7fdd8f84593b6584b2f1511a3464b96dba4dc78c7f82fbafcb49,10.172712841637342,8.700680734850161,9.912050783196616
433,0.6,2.8276029215181353,3.80244724040581,7,0.0,0.5714285714285714,097cf06c82ff7fdd8f84593b6584b2f1511a3464b96dba4dc78c7f82fbafcb49,9.40640045488065,8.830396801098097,8.580543506917
434,0.3333333333333333,7.9355873855892,3.2654388138629424,2,0.0,1.0,7057816f12b9496fea6f2c9da741862d56ec698bec90ab8240df9e6e676e1e13,8.702344075220351,8.15507488781144,7.8383433155571165
435,0.5,4.02678458456727,3.866184611142194,2,0.0,1.0,7057816f12b9496fea6f2c9da741862d56ec698bec90ab8240df9e6e676e1e13,9.29081375612606,8.598957493218878,8.59637398929068
436,0.5,3.713869420266447,3.3743797737458396,2,7.729735331385051,1.0,7057816f12b9496fea6f2c9da741862d56ec698bec90ab8240df9e6e676e1e13,8.775085935057266,7.837948916025283,7.415175109613295
437,0.5,3.5520720464937634,4.242954450688235,2,8.690137586397595,1.0,7057816f12b9496fea6f2c9da741862d56ec698bec90ab8240df9e6e676e1e13,9.491526390684262,8.70996000607173,7.122866658599083
438,0.6666666666666666,3.9643831608133477,8.12058871174027,2,9.225031920719173,1.0,7057816f12b9496fea6f2c9da741862d56ec698bec90ab8240df9e6e676e1e13,10.065776455579847,8.722417141427496,8.886962034866128
439,0.8,2.076926491637378,8.353497098745448,2,6.251903883165888,1.0,7057816f12b9496fea6f2c9da741862d56ec698bec90ab8240df9e6e676e1e13,10.5138236135709,9.02401079378469,10.24003121517787
440,0.75,2.3364696442362125,8.244596756382498,2,7.71244383427499,1.0,7057816f12b9496fea6f2c9da741862d56ec698bec90ab8240df9e6e676e1e13,10.259342160090958,8.499843553081124,9.971052738698551
441,0.6666666666666666,3.9175918776333742,8.408939605975984,2,7.660585461703256,1.0,7057816f12b9496fea6f2c9da741862d56ec698bec90ab8240df9e6e676e1e13,9.943813424007693,8.855805992536562,9.366061246972958
442,0.3333333333333333,2.0794415416798357,2.9144728088051037,2,0.0,0.5,28a51e628da60bc0489ae6270de0893749d9fbb247e8608b0e0c7f613231451d,6.810142450115136,5.8522024797744745,6.326149473155099
443,0.25,4.174387269895637,3.2300774829907493,2,0.0,0.5,28a51e628da60bc0489ae6270de0893749d9fbb247e8608b0e0c7f613231451d,9.828494573494698,9.69424690639091,7.754052639035757
444,0.25,2.995732273553991,3.4403815671365514,2,6.405228458030842,0.5,28a51e628da60bc0489ae6270de0893749d9fbb247e8608b0e0c7f613231451d,10.525192435641708,10.321803072623112,8.740176729929082
445,0.8,2.2613074629781456,2.4904980704771726,2,3.7612001156935624,1.0,28a51e628da60bc0489ae6270de0893749d9fbb247e8608b0e0c7f613231451d,10.422430144404066,10.298329770340379,8.263332667439967
446,0.6,3.388591630322655,3.8349809977367886,2,8.09101504171053,1.0,28a51e628da60bc0489ae6270de0893749d9fbb247e8608b0e0c7f613231451d,10.59593448798168,10.24498286663967,9.055556158175316
447,0.5,3.1230533827407814,3.65727641616204,2,3.258096538021482,1.0,28a51e628da60bc0489ae6270de0893749d9fbb247e8608b0e0c7f613231451d,10.62230247984465,7.609862200913554,10.571214355749163
448,0.5,7.175489713624222,3.258096538021482,2,4.290459441148391,1.0,28a51e628da60bc0489ae6270de0893749d9fbb247e8608b0e0c7f613231451d,10.262245325878965,7.195187320178709,10.21189094780116
449,0.6666666666666666,3.39166260030198,3.4011973816621555,7,6.810142450115136,0.5714285714285714,5e4eec8ff32b70eb9ecd47d04db392416c4333371c4ca3b13e1d5458c6cf34ec,8.00469951054955,6.816735880594968,7.069023426578259
450,0.6,2.976963661483626,3.1053000385123264,7,10.014894750110258,0.5714285714285714,5e4eec8ff32b70eb9ecd47d04db392416c4333371c4ca3b13e1d5458c6cf34ec,10.420076536191223,8.994668835500674,8.042056410058754
451,0.6,2.6270607340757004,2.437072794806543,7,6.248042874508429,0.5714285714285714,5e4eec8ff32b70eb9ecd47d04db392416c4333371c4ca3b13e1d5458c6cf34ec,9.515174503245529,8.329416783939319,9.094143577573671
452,0.42857142857142855,3.5449644817377215,2.206242991391785,7,6.8308742346461795,0.5714285714285714,5e4eec8ff32b70eb9ecd47d04db392416c4333371c4ca3b13e1d5458c6cf34ec,10.930353181520665,10.786469660366542,8.788440957404594
453,0.5,2.91705266045401,1.6802666610643406,7,7.356279876550748,0.5714285714285714,5e4eec8ff32b70eb9ecd47d04db392416c4333371c4ca3b13e1d5458c6cf34ec,10.35631323200413,9.28461261635077,9.858385578623707
454,0.25,4.74493212836325,3.402650997674085,7,7.3613754289773485,0.5714285714285714,5e4eec8ff32b70eb9ecd47d04db392416c4333371c4ca3b13e1d5458c6cf34ec,10.383905513880693,10.212184752202996,8.168486417126681
455,0.2,5.746203190540153,2.062981178450339,7,5.991464547107982,0.5714285714285714,5e4eec8ff32b70eb9ecd47d04db392416c4333371c4ca3b13e1d5458c6cf34ec,8.655040258108363,8.330381569349418,7.0825485693553
456,0.8,1.6806574487138621,2.1972245773362196,3,0.0,0.6666666666666666,3a2794ba6956efb870864dfbddcf44bb33b240312e0a5ebd95f8b27b5c9aeac6,7.746300662231439,6.733401891837359,7.29505641646263
457,0.8,1.75167380670926,1.791759469228055,3,0.0,0.6666666666666666,3a2794ba6956efb870864dfbddcf44bb33b240312e0a5ebd95f8b27b5c9aeac6,9.336091577281744,7.01211529430638,9.233079858945672
458,0.8,1.8028891833284504,2.9444389791664403,3,0.0,0.6666666666666666,3a2794ba6956efb870864dfbddcf44bb33b240312e0a5ebd95f8b27b5c9aeac6,9.075093222568157,7.2254814727822945,8.903951072058707
459,0.8,1.9779226301770847,1.545521226679158,3,0.0,0.3333333333333333,3a2794ba6956efb870864dfbddcf44bb33b240312e0a5ebd95f8b27b5c9aeac6,9.658290091690503,7.919719760924575,9.464982590349763
460,0.2,8.195057690895077,2.220320148767606,3,0.0,0.3333333333333333,3a2794ba6956efb870864dfbddcf44bb33b240312e0a5ebd95f8b27b5c9aeac6,9.886341393701157,9.289059126687574,9.087155271405804
461,0.2,7.249925536717988,1.8654100980521438,3,0.0,0.3333333333333333,3a2794ba6956efb870864dfbddcf44bb33b240312e0a5ebd95f8b27b5c9aeac6,9.867704922396356,8.054522609537294,9.689613407229068
462,0.25,8.358431899031295,2.4796571974652872,3,0.0,0.3333333333333333,3a2794ba6956efb870864dfbddcf44bb33b240312e0a5ebd95f8b27b5c9aeac6,9.910115538826348,8.693999567522082,9.558600006313569
463,0.2,9.693260226488464,1.592046796587623,3,0.0,0.3333333333333333,3a2794ba6956efb870864dfbddcf44bb33b240312e0a5ebd95f8b27b5c9aeac6,10.0853089842884,9.72859830755947,8.881419551507804
464,0.3333333333333333,9.437396260110308,3.6866871549550244,4,0.0,0.75,c74ab508ff35c2fc240000e3ad0d01920d8c09414b46af726860e31c350c949a,10.696661047163198,9.556904372164187,10.311150244187779
465,0.3333333333333333,9.180808569370145,3.6841698431556904,4,4.9344739331306915,0.75,c74ab508ff35c2fc240000e3ad0d01920d8c09414b46af726860e31c350c949a,10.886352232659924,9.332026890232783,10.645639160023887
466,0.75,1.5728329570983648,2.7423984667453274,5,0.0,0.2,5f049250dfc06a5b652aba34eeecbbad57dd6a25aa7f7d07d8e1336ed515f7d4,7.393263094763838,5.8664680569332965,7.148345743900068
467,0.5714285714285714,2.0216025688309456,2.4518803676580845,5,0.0,0.2,5f049250dfc06a5b652aba34eeecbbad57dd6a25aa7f7d07d8e1336ed515f7d4,10.52419843983136,8.479491324232226,10.385605012165374
468,0.4,3.2985728509433256,2.5725987370045273,5,0.0,0.2,5f049250dfc06a5b652aba34eeecbbad57dd6a25aa7f7d07d8e1336ed515f7d4,10.02020335223209,8.000014093678072,9.877913301416697
469,0.3333333333333333,3.5250612601345295,2.2139514981341404,5,0.0,0.2,5f049250dfc06a5b652aba34eeecbbad57dd6a25aa7f7d07d8e1336ed515f7d4,9.847446161652503,9.007979359844501,9.281916570465405
470,0.42857142857142855,2.8249705997198773,2.059435950972733,5,0.0,0.8,5f049250dfc06a5b652aba34eeecbbad57dd6a25aa7f7d07d8e1336ed515f7d4,9.96749468251042,9.056489647157923,9.453129675537227
471,0.5,2.5527425087204505,2.8424471741560176,5,0.0,0.8,5f049250dfc06a5b652aba34eeecbbad57dd6a25aa7f7d07d8e1336ed515f7d4,9.70826311038665,8.877521453852872,9.136047767394327
472,0.6,2.1926204525736823,3.6963237603608117,5,0.0,0.8,5f049250dfc06a5b652aba34eeecbbad57dd6a25aa7f7d07d8e1336ed515f7d4,9.584108393341092,7.759187438507795,9.408289184655837
473,0.6,2.8584873665134043,3.6975537732812427,5,0.0,0.8,5f049250dfc06a5b652aba34eeecbbad57dd6a25aa7f7d07d8e1336ed515f7d4,10.320057440376399,8.843326450242271,10.060790401909905
474,0.6666666666666666,1.4984903568266423,3.894934279527353,5,0.0,0.8,5f049250dfc06a5b652aba34eeecbbad57dd6a25aa7f7d07d8e1336ed515f7d4,10.031704850336881,7.943427767876373,9.899429329075273
475,0.5,7.528869256642251,3.4909673385781943,3,0.0,0.6666666666666666,0b499f07b93ec4b3e4958f91406e3bae276f33ef9db024a6d664438a5dee38eb,9.89606003670733,7.9854843567338225,9.735896960342167
476,0.5,3.2999352496064183,4.477336814478207,3,0.0,0.6666666666666666,0b499f07b93ec4b3e4958f91406e3bae276f33ef9db024a6d664438a5dee38eb,11.034954178075186,9.045347797304004,10.887904113457884
477,0.3333333333333333,5.429345628954441,4.3449005280112765,3,0.0,0.6666666666666666,0b499f07b93ec4b3e4958f91406e3bae276f33ef9db024a6d664438a5dee38eb,10.925794584994163,8.727454116899434,10.808150948169304
478,0.3333333333333333,5.049856007249537,4.508923629930366,3,0.0,0.6666666666666666,0b499f07b93ec4b3e4958f91406e3bae276f33ef9db024a6d664438a5dee38eb,10.799351062095239,9.036582045842716,10.611129179246525
479,0.3333333333333333,7.608374474380783,3.908812721526685,3,0.0,0.3333333333333333,0b499f07b93ec4b3e4958f91406e3bae276f33ef9db024a6d664438a5dee38eb,10.950262539222262,8.411610428841172,10.867996856680758
480,0.5,8.684570300824369,6.568077911411976,3,0.0,0.3333333333333333,0b499f07b93ec4b3e4958f91406e3bae276f33ef9db024a6d664438a5dee38eb,11.283386506567158,8.798303718484979,11.196391140611418
481,0.3333333333333333,7.768110378525988,2.2248537972714755,3,0.0,0.3333333333333333,0b499f07b93ec4b3e4958f91406e3bae276f33ef9db024a6d664438a5dee38eb,10.966645360219836,8.057060681965766,10.910605704370774
482,0.4,3.3667009459186796,1.9823716308285724,1,0.0,0.0,47e8dd721cfc3674536ec9ec8eb3282f340e5d236cffd9436f7b1dbcea8c9484,9.117896081584902,8.193676665955241,8.612321536507814
483,0.3333333333333333,3.846056669797733,1.6001369569029495,1,7.166265974133638,0.0,47e8dd721cfc3674536ec9ec8eb3282f340e5d236cffd9436f7b1dbcea8c9484,10.616633419602762,8.551401362745974,10.444037013468341
484,0.14285714285714285,6.786716950605081,1.2723895392713866,1,0.0,0.0,47e8dd721cfc3674536ec9ec8eb3282f340e5d236cffd9436f7b1dbcea8c9484,9.31461029315198,7.9909154630913255,9.005159521036145
485,0.2,7.112327444710911,1.9976442204359808,1,3.4965075614664802,0.0,47e8dd721cfc3674536ec9ec8eb3282f340e5d236cffd9436f7b1dbcea8c9484,9.638870753015343,8.338066525518801,9.3180281773931
486,0.25,6.717804695023691,2.001295689035513,1,0.0,0.0,47e8dd721cfc3674536ec9ec8eb3282f340e5d236cffd9436f7b1dbcea8c9484,10.306215584934407,7.116394144093465,10.264164477854159
487,0.6666666666666666,4.497024147805537,5.0689042022202315,1,5.488937726156687,0.0,47e8dd721cfc3674536ec9ec8eb3282f340e5d236cffd9436f7b1dbcea8c9484,10.874588387570203,9.013595294516504,10.700115984041597
488,0.6666666666666666,3.459347609510236,5.700443573390687,1,4.795790545596741,0.0,47e8dd721cfc3674536ec9ec8eb3282f340e5d236cffd9436f7b1dbcea8c9484,10.530040767646089,7.177782416195197,10.491051970521008
489,0.6666666666666666,4.178981482922841,4.919980925828125,1,3.4011973816621555,0.0,47e8dd721cfc3674536ec9ec8eb3282f340e5d236cffd9436f7b1dbcea8c9484,9.756841972194643,8.38958706681109,9.460398455831275
490,0.5,4.31570716775313,3.838931750339105,1,5.308267697401205,0.0,47e8dd721cfc3674536ec9ec8eb3282f340e5d236cffd9436f7b1dbcea8c9484,10.905809180885951,8.957381735582787,10.747745081510452
491,0.25,2.772588722239781,1.247955626906074,3,0.0,0.0,2cb5d05a75a587f52184c2f8d3ef9b18e02bec7fe76bf129a9178c6de73d833e,8.14177220465645,7.621684998724611,7.239214973779806
492,0.5,4.106961797811372,4.500056522964259,2,0.0,0.5,8eb5dd0b437349fa7498e2dfd3481e08b3991fa40e88bc84dff6e37bf335f65d,10.012162569161784,9.375515769935166,9.259130536145614
493,0.4,4.359740380425535,3.240135235598588,2,0.0,0.5,8eb5dd0b437349fa7498e2dfd3481e08b3991fa40e88bc84dff6e37bf335f65d,10.191781937486343,10.03341872212816,8.270781013162674
494,0.4,4.527953159334559,3.198420859617672,2,0.0,0.5,8eb5dd0b437349fa7498e2dfd3481e08b3991fa40e88bc84dff6e37bf335f65d,10.169345706257875,10.054662380333246,7.946971357693591
495,0.6,2.8090894946294167,2.897384797934633,2,0.0,0.5,8eb5dd0b437349fa7498e2dfd3481e08b3991fa40e88bc84dff6e37bf335f65d,9.986080850839981,9.261603665913725,9.323311850635344
496,0.8,1.936142452338624,8.234299635696253,2,0.0,0.5,8eb5dd0b437349fa7498e2dfd3481e08b3991fa40e88bc84dff6e37bf335f65d,9.442562587223597,8.712266432135355,8.78523362361273
497,0.8,2.020986425573905,8.205491613120236,2,0.0,0.5,8eb5dd0b437349fa7498e2dfd3481e08b3991fa40e88bc84dff6e37bf335f65d,9.390743422947507,8.839711378703475,8.531884740159228
498,0.8,2.075938103890853,7.066466970136958,2,0.0,0.5,8eb5dd0b437349fa7498e2dfd3481e08b3991fa40e88bc84dff6e37bf335f65d,9.291551627401006,8.558527054909215,8.636752426473876
499,0.8,2.3418787615870453,7.70210434005105,2,0.0,0.5,8eb5dd0b437349fa7498e2dfd3481e08b3991fa40e88bc84dff6e37bf335f65d,10.124308408480692,9.54072267395999,9.308102089758679
500,0.4,2.8715015939047412,1.8391509654882359,1,0.0,0.0,ecfc4f9f25f2a5855e3435830445943df6e765fe7ae6bf9cec5e2c34a2a6e11d,7.791522819150732,6.329720905522696,7.527793987721444
501,0.4166666666666667,1.3698132565266916,1.4668460444409,1,0.0,0.0,ecfc4f9f25f2a5855e3435830445943df6e765fe7ae6bf9cec5e2c34a2a6e11d,10.378198833381107,10.300147340682555,7.789040401657477
502,0.375,2.395129005193472,1.5667992683418919,1,0.0,0.0,ecfc4f9f25f2a5855e3435830445943df6e765fe7ae6bf9cec5e2c34a2a6e11d,9.760540543216194,8.254528881939745,9.509778075438817
503,0.7142857142857143,1.4280906086202316,1.5724288927272494,1,0.0,0.0,ecfc4f9f25f2a5855e3435830445943df6e765fe7ae6bf9cec5e2c34a2a6e11d,8.115819701211327,7.496097345175956,7.343426229147367
504,0.5714285714285714,1.7044576428635374,3.446332260664223,1,0.0,0.0,ecfc4f9f25f2a5855e3435830445943df6e765fe7ae6bf9cec5e2c34a2a6e11d,10.437463136200819,10.368133102880323,7.734121303328305
505,0.6,2.4436867684062107,3.824846311855757,1,0.0,0.0,ecfc4f9f25f2a5855e3435830445943df6e765fe7ae6bf9cec5e2c34a2a6e11d,9.574983485564092,8.196161139282902,9.284798282894192
506,0.4,3.43242388898543,2.878147583822159,3,0.0,0.3333333333333333,cf4744eac55a8be0a39b7c01cd07832b367f9e9193edcf99bee71db7b6c8d90b,8.909235279192261,8.791790024319363,6.709304340258298
507,0.4444444444444444,1.979475146581979,1.7143773120649337,3,3.091042453358316,0.3333333333333333,cf4744eac55a8be0a39b7c01cd07832b367f9e9193edcf99bee71db7b6c8d90b,10.715617049327939,10.375769833681609,9.469545806435415
508,0.25,9.90802723257816,3.5413274515381037,3,4.584967478670572,0.3333333333333333,cf4744eac55a8be0a39b7c01cd07832b367f9e9193edcf99bee71db7b6c8d90b,11.240210819640234,11.021902468500418,9.604609707323613
509,0.75,3.3442825859472785,7.743269700829004,3,0.0,0.6666666666666666,cf4744eac55a8be0a39b7c01cd07832b367f9e9193edcf99bee71db7b6c8d90b,10.634845320859826,10.129347411344567,9.710509415553645
510,0.75,3.4086927231586994,6.633318433280377,3,0.0,0.6666666666666666,cf4744eac55a8be0a39b7c01cd07832b367f9e9193edcf99bee71db7b6c8d90b,10.789009750738646,10.253228511871932,9.909022208034603
511,0.5,4.89647348841838,3.8328767159308494,3,0.0,0.6666666666666666,cf4744eac55a8be0a39b7c01cd07832b367f9e9193edcf99bee71db7b6c8d90b,10.694464463438248,9.905535454153428,10.088721530777118
512,0.75,2.0459090180287447,7.498869733976931,2,0.0,0.5,7f8830fbaa2312d99d0d6cead081d3f7ad30e97f1d1c4de36f0bc7a59a30e05f,8.188133414510478,7.727094484779841,7.192182058713246
513,0.75,2.670119862973261,7.190676034332207,2,6.841615476477592,0.5,7f8830fbaa2312d99d0d6cead081d3f7ad30e97f1d1c4de36f0bc7a59a30e05f,10.669025159683924,8.37539918579835,10.538157803337098
514,0.8333333333333334,1.8049948369992006,7.010311867307229,2,8.703838719690246,0.5,7f8830fbaa2312d99d0d6cead081d3f7ad30e97f1d1c4de36f0bc7a59a30e05f,10.091086824325448,9.150165648940114,9.069352678675205
515,1.0,2.6230064588330078,7.834788107388194,2,7.983781068977451,0.5,7f8830fbaa2312d99d0d6cead081d3f7ad30e97f1d1c4de36f0bc7a59a30e05f,9.576856729945773,8.545197387825835,8.756525002926972
516,0.5,2.623770401107802,2.3172573881329703,2,7.86480400332846,0.5,7f8830fbaa2312d99d0d6cead081d3f7ad30e97f1d1c4de36f0bc7a59a30e05f,9.65265158120501,8.20685642839965,9.13701670755734
517,0.6666666666666666,4.225312973572062,6.706862336602747,2,8.446341450444287,0.5,7f8830fbaa2312d99d0d6cead081d3f7ad30e97f1d1c4de36f0bc7a59a30e05f,10.428068141534455,8.611775833902186,10.070737771809798
518,0.6,2.6969029053613323,3.9122229654388097,2,8.394121193826242,0.5,7f8830fbaa2312d99d0d6cead081d3f7ad30e97f1d1c4de36f0bc7a59a30e05f,10.150894355986017,8.65956043270316,9.643939319328119
519,0.6666666666666666,2.093099651628251,4.023594781085251,4,0.0,0.75,d376722b11679c85f017d52a9fe93c99f22fce702de4acd5a5e1de45559beb93,10.627018437730513,8.916103530553727,10.427712996365136
520,0.8,1.89872109680413,6.741700694652055,4,0.0,0.75,d376722b11679c85f017d52a9fe93c99f22fce702de4acd5a5e1de45559beb93,8.47345026846832,7.949797216161852,7.576097340623111
521,0.6666666666666666,1.761879305339324,2.1086158859543103,4,6.656726524178391,0.5,d376722b11679c85f017d52a9fe93c99f22fce702de4acd5a5e1de45559beb93,9.957123101702038,8.657476736863293,9.586788531013854
522,0.16666666666666666,6.97166860472579,1.8304574881055131,4,7.340835554123275,0.5,d376722b11679c85f017d52a9fe93c99f22fce702de4acd5a5e1de45559beb93,10.415682238708357,9.259320994197804,9.9681041956221
523,0.16666666666666666,7.374001859350161,1.7528106538695525,4,7.969011781106478,0.5,d376722b11679c85f017d52a9fe93c99f22fce702de4acd5a5e1de45559beb93,10.584536847897937,8.986446539271268,10.262385024827958
524,0.75,2.1635745115008356,2.0948273710132126,2,0.0,0.5,6b6806d15065c4dc9b067525255947e24fe36884697b5c4cdc831e641c3add2a,8.72891172506098,6.586171654854675,8.604104563405533
525,0.8,1.877196792658569,2.2130947216279964,2,0.0,0.0,6b6806d15065c4dc9b067525255947e24fe36884697b5c4cdc831e641c3add2a,10.193092774549758,9.08421009483197,9.792723575551273
526,0.25,5.834810737062605,2.777756784418436,2,0.0,0.0,6b6806d15065c4dc9b067525255947e24fe36884697b5c4cdc831e641c3add2a,9.754349289532406,8.412277021466677,9.451480999992047
527,0.5,2.4289588039169,1.9693609793896438,1,0.0,1.0,59880f7b5ed45a0301b4aa0244e777a0af1c7d14260cdcd0883d7287604ec3cf,10.187123952279158,7.511524648390866,10.115772360515463
528,0.5714285714285714,2.0721336148534792,2.352919384172888,1,0.0,1.0,59880f7b5ed45a0301b4aa0244e777a0af1c7d14260cdcd0883d7287604ec3cf,11.10914393884225,8.545002892055505,11.029033842444319
529,0.5,2.772588722239781,5.739792912179234,3,0.0,0.3333333333333333,220127335d742fee87e70c636885b89c6689232a418fe5028bba73ceb940640c,7.544861068658458,5.7899601708972535,7.355001921105257
530,0.75,2.894179374667692,4.454347296253507,3,3.091042453358316,0.6666666666666666,232184e5e9bb0cbfbbc6dcd63e96563ff2ed7441ddad556a6d799c643625eaaf,10.596959680295013,8.697011617992073,10.43429225861743
531,0.6,2.514247848456183,3.7390848470798925,3,5.14166355650266,0.6666666666666666,232184e5e9bb0cbfbbc6dcd63e96563ff2ed7441ddad556a6d799c643625eaaf,10.653770924466883,8.204124932574041,10.559062660188317
